Year,Team,G,MP,FG,FGA,FGP,THREEPM,THREEPA,THREEPP,TWOPM,TWOPA,TWOPP,FT,FTA,FTP,ORB,DRB,TRB,AST,STL,BLK,TOV,PF,PTS,GW
1996,Chicago Bulls,82,240.6,40.2,84,0.478,6.6,16.5,0.403,33.5,67.6,0.496,18.2,24.4,0.746,15.2,29.4,44.6,24.8,9.1,4.2,14.3,22,105.2,72
1996,Seattle SuperSonics,82,242.4,37.5,78.1,0.48,7.1,19.5,0.364,30.4,58.6,0.519,22.5,29.6,0.76,11.6,29.9,41.5,24.4,10.8,4.8,17.6,24,104.5,64
1996,Orlando Magic,82,242.1,39.1,81,0.482,7.6,20.1,0.378,31.5,60.9,0.517,18.8,27.2,0.691,11.8,29.3,41.1,25.4,8.1,5,14.1,20.8,104.5,60
1996,Phoenix Suns,82,243.4,38.5,81.4,0.473,4,12,0.332,34.5,69.4,0.498,23.3,30.1,0.771,12.3,30.5,42.8,24.4,7.6,4,14.7,21.7,104.3,41
1996,Boston Celtics,82,242.7,38.6,84.7,0.456,6.6,17.7,0.371,32,66.9,0.478,19.9,27.9,0.714,12.8,29.6,42.4,21.9,8,5,15.9,24.9,103.6,33
1996,San Antonio Spurs,82,241.2,38.4,80.5,0.477,6.3,16.1,0.392,32.1,64.4,0.498,20.3,27.6,0.736,11.4,31.5,43,24.9,7.9,6.5,14.6,22.2,103.4,59
1996,Los Angeles Lakers,82,240,39.2,81.8,0.48,5.8,16.6,0.351,33.4,65.2,0.512,18.6,25,0.746,12.1,28.1,40.2,25.4,8.8,6.3,14.2,20.8,102.9,53
1996,Charlotte Hornets,82,242.4,37.9,80.7,0.47,7.1,18.5,0.384,30.8,62.2,0.495,19.9,25.8,0.77,12,27.5,39.5,23.3,7.1,3.4,15.1,22.1,102.8,41
1996,Dallas Mavericks,82,243,38.1,90.6,0.42,9,24.9,0.36,29.1,65.8,0.443,17.4,24.1,0.722,17.2,29,46.2,23.3,7.8,4.2,15.5,22.4,102.5,26
1996,Washington Bullets,82,241.5,39,80.7,0.484,6,14.8,0.407,33,65.9,0.501,18.4,25.3,0.728,11.3,28.4,39.7,22.1,7.2,6.2,16.2,24.2,102.5,39
1996,Houston Rockets,82,241.5,37.5,81,0.464,7.8,21.5,0.362,29.8,59.5,0.501,19.6,25.7,0.765,11.2,29.9,41.1,24.2,7.9,5.8,15.2,21.4,102.5,48
1996,Utah Jazz,82,241.2,38.2,78.3,0.488,4.6,12.4,0.372,33.6,65.9,0.509,21.6,28.1,0.768,12.1,28.9,41,26.1,8.1,5.1,14.8,25,102.5,55
1996,Golden State Warriors,82,240.9,37.3,81.7,0.456,5.5,14.6,0.373,31.8,67.1,0.474,21.6,28.5,0.759,14.3,27.9,42.2,23,8.6,5.7,16.4,22.4,101.6,36
1996,Sacramento Kings,82,240.9,36.2,79.2,0.457,5.6,14.6,0.387,30.6,64.6,0.473,21.5,29.4,0.731,13.6,28.6,42.2,22.3,7.8,5.3,17.6,26,99.5,39
1996,Los Angeles Clippers,82,240.6,38.1,80.7,0.472,6.2,16.8,0.37,31.9,64,0.499,17,24.2,0.702,11.9,26.7,38.6,20.4,8.6,5,16.5,24.5,99.4,29
1996,Portland Trail Blazers,82,242.7,37.4,81.6,0.458,5.9,16.6,0.353,31.5,65,0.485,18.7,28.3,0.662,14.1,31.4,45.6,21.5,7.2,5.1,16.8,22.7,99.3,44
1996,Indiana Pacers,82,240.9,36.3,75.7,0.48,4.4,11.9,0.373,31.9,63.8,0.5,22.2,29.5,0.755,12.3,27.6,39.9,23.4,7.1,3.9,16.3,24.8,99.3,52
1996,Atlanta Hawks,82,240.6,36.4,81.3,0.448,6.9,19.5,0.355,29.5,61.8,0.477,18.6,24.5,0.757,14.4,26.2,40.6,19.6,9.4,3.9,15,20.9,98.3,46
1996,Minnesota Timberwolves,82,241.2,36.3,79,0.459,3.4,10.5,0.326,32.9,68.6,0.479,21.9,28.2,0.777,12,27.7,39.7,22.8,7.9,5.9,17.4,24.3,97.9,26
1996,Denver Nuggets,82,241.8,36.6,81.2,0.451,4.8,14,0.346,31.8,67.2,0.473,19.7,26.5,0.743,12.9,30.3,43.2,22.6,6.4,7.3,15.4,23,97.7,35
1996,Toronto Raptors,82,241.8,37.6,80.5,0.467,5,14.2,0.354,32.6,66.2,0.492,17.2,23.8,0.723,13.1,27,40,23.5,9.1,6,18.8,24.2,97.5,21
1996,New York Knicks,82,241.8,36.6,77.8,0.471,5.9,15.7,0.377,30.7,62.2,0.494,18,23.8,0.757,10.1,29.9,40,22.2,7.9,4.6,15.5,22.7,97.2,47
1996,Miami Heat,82,241.2,35.4,77.4,0.457,6.7,17.8,0.379,28.7,59.6,0.481,18.9,26.7,0.71,12.2,30.4,42.6,21.4,7,5.4,17,26.3,96.5,42
1996,Milwaukee Bucks,82,240.6,37,79.1,0.467,4.4,12.9,0.338,32.6,66.3,0.493,17.2,23.3,0.738,11.9,26.4,38.3,21.4,7.1,3.7,15.8,23.7,95.6,25
1996,Detroit Pistons,82,241.8,34.3,74.7,0.459,6.6,16.5,0.404,27.6,58.2,0.475,20.2,26.9,0.751,10.8,29.8,40.5,19.6,6.2,4.3,14.8,23.8,95.4,46
1996,Philadelphia 76ers,82,240.6,34.1,78.3,0.436,6,17.5,0.342,28.1,60.7,0.463,20.3,27.6,0.734,12.6,26.4,38.9,19.9,7.8,5.1,17.2,21.7,94.5,18
1996,New Jersey Nets,82,242.7,35.1,82.3,0.427,3,9.1,0.335,32.1,73.2,0.438,20.4,27.4,0.745,16.5,30.5,47,21.4,7.6,7,16.8,22.9,93.7,30
1996,Cleveland Cavaliers,82,241.8,33.7,73.1,0.46,7.3,19.3,0.377,26.4,53.9,0.49,16.5,21.6,0.763,10.6,25.1,35.6,22.2,8.2,4.1,13.1,20.5,91.1,47
1996,Vancouver Grizzlies,82,242.4,33.8,79.1,0.428,4.5,13.8,0.329,29.3,65.3,0.448,17.6,24.4,0.724,11.7,26.5,38.1,20.8,8.9,4.1,16.4,22.6,89.8,15
1997,Chicago Bulls,82,240.6,40,84.4,0.473,6.4,17.1,0.373,33.6,67.3,0.499,16.8,22.5,0.747,15.1,30,45.1,26.1,8.7,4,13.5,19.7,103.1,13
1997,Utah Jazz,82,241.8,38.2,75.8,0.504,4.1,11,0.37,34.1,64.8,0.526,22.7,29.5,0.769,10.8,29.4,40.2,26.8,9.1,5.1,15.4,24.2,103.1,18
1997,Phoenix Suns,82,242.1,38.3,81.8,0.469,6.4,17.4,0.369,31.9,64.4,0.496,19.7,25.9,0.761,11.2,29,40.1,25.2,8.1,3.9,14.4,21.1,102.8,42
1997,Seattle SuperSonics,82,241.2,36.5,78.2,0.467,6.8,19.3,0.353,29.7,58.9,0.504,21,28,0.752,12.3,27.7,40,23.5,11,4.7,15,22,100.9,25
1997,Houston Rockets,82,242.1,37,79.1,0.468,8.2,22.4,0.365,28.9,56.6,0.509,18.3,24.3,0.755,11.3,31.3,42.6,24.5,8.4,4.2,16.6,19.6,100.6,67
1997,Boston Celtics,82,242.7,37.4,85,0.44,5.7,16.2,0.351,31.7,68.7,0.461,20.1,26.8,0.75,13.4,26.7,40,21.9,9.9,3.8,16.4,23.4,100.6,25
1997,Philadelphia 76ers,82,241.2,36.6,83.5,0.438,5.3,16.5,0.319,31.3,67,0.468,21.7,29.9,0.725,15.5,28.7,44.2,20.7,8.3,4.8,17.5,21.1,100.2,60
1997,Los Angeles Lakers,82,243,36.8,81,0.454,6.7,18.3,0.367,30.1,62.7,0.48,19.7,28.4,0.692,13.3,29.4,42.8,22.5,9,7,14.9,22.2,100,26
1997,Golden State Warriors,82,242.7,36.5,80.1,0.456,5.9,16.6,0.353,30.7,63.5,0.483,20.7,26.6,0.778,13.2,27.5,40.8,22.2,7.5,4.4,17.2,21.8,99.6,52
1997,Washington Bullets,82,242.1,39.1,81.4,0.48,4,12.2,0.331,35.1,69.2,0.507,17.1,24.1,0.707,12.3,29.5,41.8,23.4,8.7,4.9,15.7,22.1,99.4,38
1997,Portland Trail Blazers,82,242.1,36.6,78.8,0.464,6.1,17.1,0.358,30.5,61.8,0.493,19.7,27.6,0.713,12.9,30.4,43.3,20.9,7.8,5.3,16.5,23.5,99,33
1997,Charlotte Hornets,82,241.5,36.4,77.3,0.471,7.2,16.9,0.428,29.2,60.5,0.483,18.8,24.2,0.777,11.1,28,39.1,24.6,7.3,4.3,14.7,20.8,98.9,28
1997,Denver Nuggets,82,243,35.8,81.5,0.439,7.8,20.9,0.372,28,60.7,0.462,18.5,24.3,0.761,12.1,29.9,42,23,6.1,5.9,16.6,21.8,97.8,61
1997,New Jersey Nets,82,241.2,36.5,86.5,0.422,5.9,16.7,0.353,30.6,69.8,0.439,18.3,24.8,0.74,17.2,29,46.2,21,8.3,5.9,15.7,22.7,97.2,56
1997,Los Angeles Clippers,82,243,36.5,81.7,0.446,5.8,16.3,0.354,30.7,65.3,0.469,18.5,25.3,0.731,13.3,27.3,40.7,20.3,8.9,5.4,16,24,97.2,46
1997,Sacramento Kings,82,242.1,36.6,80.6,0.454,5,12.9,0.391,31.5,67.7,0.466,18.2,25.2,0.723,13.4,28.1,41.5,21.9,7.2,4.4,16.2,23.7,96.4,48
1997,Minnesota Timberwolves,82,241.2,35.8,78.5,0.456,4.5,13.3,0.339,31.3,65.2,0.48,20,26.6,0.751,11.7,28.1,39.7,22.9,7.5,6.8,15.2,22.2,96.1,42
1997,Toronto Raptors,82,241.8,35.3,80.9,0.437,7.2,19.8,0.363,28.1,61.1,0.461,17.6,24.5,0.72,13.8,27.5,41.3,20.9,8.8,6.3,16.4,23,95.5,52
1997,New York Knicks,82,242.1,35.1,75.9,0.463,5.7,15.8,0.363,29.4,60.2,0.489,19.3,25.8,0.748,11.9,30.7,42.5,22.1,7.7,4.6,17.8,24.8,95.4,43
1997,Indiana Pacers,82,243,34.8,76.3,0.456,5.2,13.8,0.381,29.5,62.5,0.472,20.6,28.5,0.722,12.5,29.1,41.7,21.3,7.1,4.8,16.3,24.1,95.4,25
1997,Milwaukee Bucks,82,240.6,36.2,76.9,0.471,4,11.2,0.352,32.2,65.6,0.491,19,25.7,0.741,11.6,27.6,39.2,19.6,7.7,4.2,15.7,23.1,95.3,49
1997,Miami Heat,82,241.5,34.4,76,0.453,8.3,22.7,0.364,26.1,53.3,0.491,17.7,24.7,0.719,11.7,29.3,41,21.2,7.9,5.4,15.9,23.4,94.8,21
1997,Atlanta Hawks,82,241.5,34.3,76.9,0.446,8,22.4,0.359,26.3,54.5,0.481,18.2,23.8,0.763,12.5,28.7,41.1,19,8.5,5.2,15,19.4,94.8,26
1997,Detroit Pistons,82,241.8,34.5,74.3,0.464,7.1,18.3,0.388,27.4,56,0.488,18.1,24.3,0.745,10.5,28,38.4,19,7.7,3.5,12.7,20.1,94.2,28
1997,Orlando Magic,82,242.1,34.6,79.2,0.437,6.9,20.3,0.341,27.7,59,0.47,18,24.1,0.746,13.1,27.1,40.1,20.6,8.5,4.4,15.2,20,94.1,37
1997,Dallas Mavericks,82,241.5,34.3,78.7,0.436,5.2,16,0.327,29.1,62.6,0.464,16.8,23.4,0.717,12.7,27.6,40.3,20.3,8,4.3,16.1,21.9,90.6,58
1997,San Antonio Spurs,82,240.6,34.5,77.9,0.442,4.6,14.4,0.32,29.9,63.5,0.47,16.9,23.5,0.719,13.4,26,39.4,20.3,7.9,5.3,15.2,21.5,90.5,62
1997,Vancouver Grizzlies,82,241.2,34.4,78.7,0.437,5.4,15.5,0.349,29,63.2,0.458,15,21.1,0.709,12.5,26.3,38.8,22.7,8,5.7,15.9,21.4,89.2,68
1997,Cleveland Cavaliers,82,242.1,33,72.8,0.453,5.9,15.7,0.376,27.1,57.2,0.474,15.6,21.6,0.723,11.1,26.3,37.4,20.9,8,3.8,14.5,23,87.5,40
1998,Los Angeles Lakers,82,241.8,38.4,79.7,0.481,6.1,17.3,0.351,32.3,62.5,0.517,22.7,33.5,0.679,13.2,30.1,43.3,24.5,9,6.8,15.3,22.7,105.5,61
1998,Minnesota Timberwolves,82,243,38.5,83.5,0.461,3.7,10.6,0.347,34.8,72.8,0.478,20.4,27.5,0.743,13,29.6,42.6,25.2,7.8,5.2,13.9,23,101.1,45
1998,Utah Jazz,82,241.2,36.5,74.5,0.49,3,8.2,0.372,33.5,66.4,0.504,24.9,32.2,0.773,11.7,29.3,41.1,25.2,7.9,5,15.4,23.9,101,62
1998,Seattle SuperSonics,82,240.9,37.2,78.8,0.473,7.6,19.1,0.396,29.6,59.6,0.497,18.5,25.7,0.721,11.4,27.1,38.5,24.2,9.8,4.6,14,22.1,100.6,61
1998,New Jersey Nets,82,242.4,37.3,84.5,0.441,3.8,11.4,0.331,33.5,73.1,0.458,21.3,28.7,0.744,16.4,26.1,42.5,20.5,9.5,3.8,14.4,23.4,99.6,43
1998,Phoenix Suns,82,243.4,38.3,81.8,0.468,5.3,14.8,0.356,33,67.1,0.492,17.8,23.8,0.749,12.1,29.9,42,25.9,9.2,5.2,15.1,21.5,99.6,56
1998,Houston Rockets,82,241.8,35.9,79.4,0.452,7,20.4,0.343,28.9,59.1,0.49,19.9,25.9,0.771,12,28.7,40.7,21.9,8.4,3.6,15.8,20.2,98.8,41
1998,Washington Wizards,82,241.5,37.6,83.1,0.452,3.9,11.5,0.339,33.7,71.5,0.47,18.2,26.3,0.691,13.7,28.5,42.2,23.2,8.4,4.6,14.1,22.4,97.2,42
1998,Chicago Bulls,82,242.1,37.4,82.9,0.451,3.8,11.7,0.323,33.6,71.2,0.471,18.2,24.5,0.743,15.2,29.7,44.9,23.8,8.5,4.3,14.4,20.6,96.7,62
1998,Vancouver Grizzlies,82,241.8,36.7,80.1,0.458,4,11,0.362,32.7,69.1,0.473,19.3,26.2,0.739,13.2,28.2,41.4,23.9,7.5,4.3,17.1,22.1,96.6,51
1998,Charlotte Hornets,82,241.2,36.2,77.4,0.468,4.2,11,0.383,32,66.3,0.482,20,26.7,0.751,12,28.5,40.6,23.7,8.4,3.8,15.2,21.4,96.6,19
1998,Indiana Pacers,82,241.8,35.6,75.9,0.469,4.9,12.5,0.39,30.7,63.3,0.485,19.9,26,0.764,10.7,28.6,39.3,23,7.9,4.5,14.2,22.7,96,58
1998,Los Angeles Clippers,82,241.2,35.7,81.6,0.438,6.4,17.9,0.358,29.3,63.7,0.461,18,25,0.723,12.7,27.8,40.4,18.7,7.6,5.6,16.1,22.3,95.9,17
1998,Boston Celtics,82,240.6,36.7,84.6,0.434,5.1,15.2,0.332,31.7,69.3,0.457,17.4,24,0.726,14.6,24.9,39.5,22.1,12,4.5,16.2,26.9,95.9,36
1998,Atlanta Hawks,82,242.4,35.2,77.5,0.455,4.1,12.4,0.332,31.1,65.1,0.478,21.3,28.2,0.756,13.5,29.5,43,19.1,8,6,14.8,20.4,95.9,50
1998,Miami Heat,82,240.9,34.8,77.2,0.45,6.7,18.8,0.355,28.1,58.3,0.481,18.8,25.4,0.739,12.5,29.5,42,21.4,8.1,5.2,15,24.2,95,55
1998,Toronto Raptors,82,243,36.2,83.1,0.435,4.5,13.2,0.343,31.6,69.8,0.453,18,25.1,0.718,14.5,26.2,40.7,21.3,9.4,8.1,16.7,22.6,94.9,16
1998,Milwaukee Bucks,82,243,35.6,78,0.456,3,8.6,0.354,32.5,69.5,0.469,20.3,26.4,0.767,12.6,27.3,39.9,20.1,8.9,4.4,16.9,23.4,94.5,36
1998,Portland Trail Blazers,82,241.8,35.2,78,0.451,4,12.8,0.309,31.2,65.2,0.479,20,27.1,0.737,13.2,30.8,44,21.5,7.1,5.7,16.9,22.7,94.3,46
1998,Detroit Pistons,82,243.4,34.9,77.7,0.449,3.6,11.4,0.312,31.3,66.3,0.473,20.8,27.9,0.745,12.7,28.5,41.2,19.5,8.3,4.2,14.6,22,94.2,37
1998,Philadelphia 76ers,82,240.9,34.6,78.2,0.443,3,9.9,0.3,31.6,68.3,0.463,21.1,28.7,0.737,13.7,28,41.7,21.1,8.9,6,16.5,22.9,93.3,31
1998,Sacramento Kings,82,240.6,36.1,81.5,0.442,3.5,9.8,0.351,32.6,71.7,0.455,17.6,25.6,0.687,13.3,28.1,41.4,22.4,7.3,5.1,15.5,22.1,93.1,27
1998,San Antonio Spurs,82,241.8,35.3,75.5,0.468,3.7,10.5,0.35,31.7,64.9,0.488,18.2,26.4,0.688,12,32.2,44.2,22.4,6.3,6.9,16.1,21.1,92.5,56
1998,Cleveland Cavaliers,82,241.8,34.4,75.7,0.454,3.6,9.8,0.372,30.7,65.9,0.466,20.2,26.7,0.756,11.6,28.4,40.1,23.1,9.9,5.1,17.3,23.6,92.5,47
1998,New York Knicks,82,241.8,34.9,78.2,0.447,4.7,13.9,0.335,30.3,64.3,0.471,17.1,22.1,0.772,11.9,29.7,41.6,21.8,7.7,3.4,15.2,23.7,91.6,43
1998,Dallas Mavericks,82,242.7,35.1,82.4,0.427,5.1,14.4,0.357,30,67.9,0.442,16,21.2,0.753,12.3,27.8,40.1,18.7,7.9,5.7,14.4,20,91.4,20
1998,Orlando Magic,82,241.8,33.8,78.7,0.429,3.6,11.1,0.323,30.2,67.7,0.447,18.9,26.1,0.726,14.4,26.9,41.2,20.7,7.9,5.4,15.3,19.7,90.1,41
1998,Denver Nuggets,82,240.6,32.6,78.2,0.417,3.5,10.9,0.323,29.1,67.3,0.433,20.2,26.2,0.772,12.7,26.3,39,18.9,8.1,4.8,16,23.6,89,11
1998,Golden State Warriors,82,241.8,34.7,83.9,0.413,2.3,8.5,0.272,32.4,75.5,0.429,16.6,23.3,0.71,15.7,30.2,45.9,20.8,7.6,5.5,16.7,22.7,88.3,19
1999,Sacramento Kings,50,244,38.4,86.1,0.445,5.8,18.9,0.308,32.6,67.3,0.484,17.7,25.9,0.683,14.1,31.5,45.6,22.6,8.9,4.6,16.8,20.3,100.2,27
1999,Los Angeles Lakers,50,241,36.8,78.7,0.468,4.8,13.7,0.352,32,65,0.492,20.5,30.1,0.683,12.4,29.6,42,21.9,7.8,5.7,15.1,24.6,99,31
1999,Phoenix Suns,50,241,35.9,80.1,0.449,5.2,14,0.372,30.7,66,0.465,18.5,24.3,0.76,12,28.4,40.3,25,8.9,4,13.6,20.4,95.6,27
1999,Seattle SuperSonics,50,242,35.1,79.5,0.442,6.2,18,0.344,28.9,61.5,0.47,18.4,27.1,0.681,13.5,28.4,42,21.7,7.9,4,15.3,20.9,94.9,25
1999,Portland Trail Blazers,50,243.5,34.9,79.1,0.442,4.9,13.5,0.364,30,65.6,0.457,20,27,0.743,12.9,31.4,44.3,21.5,8.2,5.8,15.4,22.5,94.8,35
1999,Indiana Pacers,50,242,34.6,77.3,0.448,5.9,16,0.368,28.7,61.3,0.469,19.5,24.6,0.796,11.5,29,40.5,20.1,6.3,4.5,13,21.6,94.7,33
1999,Houston Rockets,50,241.5,35.1,76,0.462,6.7,18.3,0.368,28.4,57.7,0.492,17.3,23.7,0.729,10.7,30.8,41.5,21.2,7.7,5.2,16.2,19.2,94.2,31
1999,Denver Nuggets,50,240.5,33.6,79.8,0.421,6,18.4,0.328,27.6,61.3,0.45,20.2,26.5,0.762,12.9,27.8,40.8,19.4,7.5,5.5,14.8,22.9,93.5,14
1999,Utah Jazz,50,243.5,33.7,72.4,0.465,2.8,7.8,0.361,30.9,64.6,0.478,23.2,30.2,0.767,11.1,30.2,41.3,24.1,8,5.5,16.3,22.7,93.3,37
1999,Boston Celtics,50,243,36.3,83.3,0.436,5.5,15.2,0.36,30.9,68.1,0.453,14.9,21.5,0.692,13.6,29.2,42.8,21.5,9.1,5.1,16.1,23.9,93,19
1999,Minnesota Timberwolves,50,240.5,36.8,86.5,0.425,2.4,8.2,0.298,34.3,78.3,0.438,17,22.9,0.743,15.1,27.8,42.9,24.4,8.5,5.4,12.8,23.7,92.9,25
1999,Charlotte Hornets,50,243,33.4,74.4,0.449,5.4,14.7,0.365,28.1,59.7,0.47,20.7,27.7,0.747,9.6,29.9,39.5,22.2,8.9,4.9,15.9,22,92.9,26
1999,San Antonio Spurs,50,241.5,34.8,76.2,0.456,3.4,10.4,0.33,31.4,65.8,0.476,19.8,28.3,0.698,12.3,31.7,44,22,8.4,7,15.2,20.2,92.8,37
1999,Milwaukee Bucks,50,241,35.1,76.4,0.459,4.6,12.4,0.373,30.4,64,0.476,16.9,23.1,0.733,11.4,27.4,38.8,20.6,8.8,4,14.4,22.8,91.7,28
1999,Dallas Mavericks,50,241.5,35,80.7,0.434,4,11.9,0.339,30.9,68.8,0.45,17.6,24.2,0.728,12.9,29.6,42.5,18.4,7,5.8,13.8,21.3,91.6,19
1999,New Jersey Nets,50,241,33.8,83.2,0.406,4.5,13.6,0.331,29.3,69.6,0.421,19.2,25,0.769,14.3,28.7,43,18.5,9.8,5.5,15,22.7,91.4,16
1999,Washington Wizards,50,241,35.4,79.4,0.445,3.6,11.6,0.309,31.8,67.8,0.469,16.9,24,0.705,11.9,28.1,40,21.3,7.9,3.9,14.7,23,91.2,18
1999,Toronto Raptors,50,241.5,33.2,78.8,0.421,4.5,13.2,0.341,28.7,65.6,0.437,20.2,26.6,0.76,14.2,28.9,43.2,20.7,8.8,6.4,16,22.8,91.1,23
1999,Los Angeles Clippers,50,242.5,34.2,80.1,0.427,4.3,13.4,0.32,29.9,66.8,0.448,17.7,24.5,0.721,13.3,25.9,39.2,16.4,8.5,4.7,15.9,24.5,90.4,9
1999,Detroit Pistons,50,241,33.2,74.3,0.447,5,13.6,0.365,28.2,60.7,0.465,19,25.7,0.74,12.1,28.2,40.3,20.2,8.9,4.2,15.8,22.8,90.4,29
1999,Philadelphia 76ers,50,243,33.1,77.7,0.426,2,7.4,0.264,31.2,70.2,0.444,21.5,29.7,0.722,14.6,28.6,43.1,18.7,10.8,5.4,16.4,23,89.7,28
1999,Orlando Magic,50,241,33.7,78.9,0.428,4.5,13.5,0.33,29.3,65.4,0.448,17.5,25,0.7,13.8,28.9,42.7,21.3,9.9,4.3,16.4,18.7,89.5,33
1999,Miami Heat,50,240.5,32.3,71.3,0.453,5.8,16.1,0.359,26.5,55.2,0.481,18.6,25.2,0.735,10.1,30.2,40.3,20.4,6.5,6.1,14.9,20.7,89,33
1999,Vancouver Grizzlies,50,243.5,32.9,76.8,0.428,3,9.1,0.327,29.9,67.7,0.442,20.2,28.2,0.717,13,27.2,40.2,19.3,8.4,4,17,22.5,88.9,8
1999,Golden State Warriors,50,242.5,34.6,83.5,0.415,3.2,11.3,0.287,31.4,72.2,0.435,15.9,23.5,0.676,16.3,31.2,47.5,20.7,8.3,4.4,15.4,25.4,88.3,21
1999,Cleveland Cavaliers,50,241,31.2,71.2,0.439,3.6,10.7,0.341,27.6,60.5,0.456,20.3,27.1,0.749,9.4,26.3,35.8,21.9,9,4.1,15.7,24.2,86.4,22
1999,New York Knicks,50,242,32.2,74.1,0.435,4.2,11.8,0.353,28,62.3,0.45,17.8,24.4,0.732,11,30.2,41.2,19.3,7.9,5.2,16.1,22.8,86.4,27
1999,Atlanta Hawks,50,241.5,30.8,75.2,0.409,3.9,12.9,0.306,26.8,62.3,0.431,20.8,28.4,0.731,13.5,30,43.5,15.6,6.9,5.2,14.9,19.7,86.3,31
1999,Chicago Bulls,50,241.5,30.8,76.7,0.401,3.5,12.2,0.289,27.2,64.5,0.422,16.8,23.7,0.709,11.5,27.9,39.3,20.3,8.7,3.4,15.5,22.2,81.9,13
2000,Sacramento Kings,82,241.5,40,88.9,0.45,6.5,20.2,0.322,33.4,68.7,0.487,18.5,24.6,0.754,12.9,32.1,45,23.8,9.6,4.6,16.2,21.1,105,44
2000,Detroit Pistons,82,241.8,37.1,80.9,0.459,5.4,14.9,0.359,31.8,66,0.481,23.9,30.6,0.781,11.2,30,41.2,20.8,8.1,3.3,15.7,24.5,103.5,42
2000,Dallas Mavericks,82,240.6,39,85.9,0.453,6.3,16.2,0.391,32.6,69.8,0.468,17.2,21.4,0.804,11.4,29.8,41.2,22.1,7.2,5.1,13.7,21.6,101.4,40
2000,Indiana Pacers,82,240.6,37.2,81,0.459,7.1,18.1,0.392,30,62.8,0.478,19.9,24.5,0.811,10.3,31.9,42.1,22.6,6.8,5.1,14.1,21.8,101.3,56
2000,Milwaukee Bucks,82,242.1,38.7,83.3,0.465,4.8,13,0.369,33.9,70.2,0.483,19,24.2,0.786,12.4,28.9,41.3,22.6,8.2,4.6,15,24.6,101.2,42
2000,Los Angeles Lakers,82,241.5,38.3,83.4,0.459,4.2,12.8,0.329,34.1,70.6,0.482,20.1,28.9,0.696,13.6,33.4,47,23.4,7.5,6.5,13.9,22.5,100.8,67
2000,Orlando Magic,82,240.9,38.6,85.5,0.452,3.6,10.6,0.338,35.1,74.9,0.468,19.2,26.1,0.735,14,31,44.9,20.8,9.1,5.7,17.6,24,100.1,41
2000,Houston Rockets,82,241.8,36.6,81.3,0.45,7.1,19.8,0.358,29.5,61.5,0.48,19.2,26.2,0.733,12.3,31.5,43.8,21.6,7.5,5.3,17.4,20.3,99.5,34
2000,Boston Celtics,82,240.6,37.2,83.9,0.444,5.1,15.4,0.331,32.2,68.5,0.469,19.8,26.5,0.745,13.5,29.5,43,21.2,9.7,3.5,15.4,27.1,99.3,35
2000,Seattle SuperSonics,82,241.2,37.9,84.7,0.447,6.7,19.6,0.339,31.2,65.1,0.48,16.6,23.9,0.695,12.7,30.3,43,22.9,8,4.2,14,21.7,99.1,45
2000,Denver Nuggets,82,242.1,37.3,84.3,0.442,5.7,17,0.336,31.5,67.2,0.469,18.7,25.8,0.724,13.1,31.6,44.7,23.3,6.8,7.5,15.6,23.9,99,35
2000,Phoenix Suns,82,241.5,37.7,82.6,0.457,5.6,15.2,0.368,32.1,67.4,0.477,17.9,23.6,0.759,12.5,31.2,43.7,25.6,9.1,5.3,16.7,24.1,98.9,53
2000,Minnesota Timberwolves,82,242.7,39.3,84.3,0.467,3,8.7,0.346,36.3,75.5,0.481,16.8,21.6,0.78,12.4,30.1,42.5,26.9,7.6,5.4,13.9,23.3,98.5,50
2000,Charlotte Hornets,82,241.2,35.8,79.7,0.449,4.1,12.2,0.339,31.7,67.5,0.469,22.7,30,0.758,10.8,32.1,42.9,24.7,8.9,5.9,14.7,20.4,98.4,49
2000,New Jersey Nets,82,241.8,36.3,83.9,0.433,5.8,16.8,0.347,30.5,67.2,0.454,19.5,24.9,0.784,12.7,28.2,40.9,20.6,8.8,4.8,13.6,23.3,98,31
2000,Portland Trail Blazers,82,241.2,36.8,78.4,0.47,5,13.8,0.361,31.9,64.7,0.493,18.8,24.7,0.76,11.8,31.2,43,23.5,7.7,4.8,15.2,22.7,97.5,59
2000,Toronto Raptors,82,240.9,36.3,83.9,0.433,5.2,14.3,0.363,31.2,69.6,0.447,19.3,25.2,0.765,13.4,29.9,43.3,23.7,8.1,6.6,13.9,24.3,97.2,45
2000,Cleveland Cavaliers,82,242.1,36.3,82.1,0.442,4.2,11.2,0.373,32.1,70.9,0.453,20.2,26.9,0.75,12.3,30.5,42.8,23.7,8.7,4.4,17.4,27.1,97,32
2000,Washington Wizards,82,241.5,36.7,81.5,0.451,4.1,10.9,0.376,32.6,70.6,0.462,19.1,25.7,0.743,13,29.7,42.7,21.6,7.2,4.7,16.1,26.2,96.6,29
2000,Utah Jazz,82,240.9,36.1,77.8,0.464,4,10.4,0.385,32.1,67.4,0.476,20.3,26.2,0.773,11.4,29.6,41,24.9,7.7,5.4,14.9,24.5,96.5,55
2000,San Antonio Spurs,82,242.1,36,78,0.462,4,10.8,0.374,32,67.2,0.476,20.1,27,0.746,11.3,32.5,43.8,22.2,7.5,6.7,15,20.9,96.2,53
2000,Golden State Warriors,82,240.9,36.5,87.1,0.42,4.2,13,0.323,32.3,74,0.437,18.3,26.2,0.697,15.9,29.7,45.6,22.6,8.9,4.3,15.9,24.9,95.5,19
2000,Philadelphia 76ers,82,241.8,36.5,82.6,0.442,2.5,7.8,0.323,34,74.8,0.454,19.2,27.1,0.708,14,30.1,44.1,22.2,9.6,4.7,15.7,23.6,94.8,49
2000,Miami Heat,82,241.8,36.3,78.8,0.46,5.4,14.7,0.371,30.8,64.1,0.481,16.4,22.3,0.736,11.2,31.9,43.2,23.5,7.1,6.4,15,23.7,94.4,52
2000,Atlanta Hawks,82,241.8,36.6,83,0.441,3.1,9.9,0.317,33.4,73.1,0.458,18,24.2,0.743,14,31.3,45.3,18.9,6.1,5.6,15.4,21,94.3,28
2000,Vancouver Grizzlies,82,242.1,35.3,78.5,0.449,4,11,0.361,31.3,67.6,0.463,19.4,25.1,0.774,12.3,28.3,40.6,20.7,7.4,4.2,16.8,22.9,93.9,22
2000,New York Knicks,82,241.8,35.3,77.7,0.455,4.3,11.4,0.375,31,66.3,0.468,17.2,22,0.781,9.8,30.7,40.5,19.4,6.3,4.3,14.6,24.2,92.1,50
2000,Los Angeles Clippers,82,240.3,35.1,82.4,0.426,5.2,15.5,0.339,29.9,67,0.446,16.6,22.3,0.746,11.6,29,40.6,18,7,6,16.2,22.2,92,15
2000,Chicago Bulls,82,241.5,31.3,75.4,0.415,4.1,12.6,0.329,27.1,62.8,0.432,18.1,25.5,0.709,12.6,28.3,40.9,20.1,7.9,4.7,19,23.3,84.8,17
2001,Sacramento Kings,82,244.9,38.2,85,0.449,5.8,16.5,0.354,32.4,68.5,0.472,19.5,25.3,0.771,12,33,45,22.6,9.7,5.3,14.9,19.5,101.7,55
2001,Milwaukee Bucks,82,241.2,38,82.9,0.458,6.9,18.1,0.379,31.1,64.8,0.48,18,22.9,0.787,11.9,30.5,42.4,22.5,8.2,4.7,13.7,23.5,100.7,52
2001,Los Angeles Lakers,82,242.7,37.9,81.5,0.465,5.4,15.5,0.344,32.6,66,0.494,19.4,28.5,0.683,13.2,31.5,44.7,23,6.9,6,14.4,22.8,100.6,56
2001,Dallas Mavericks,82,241.5,37.6,81.9,0.459,6.3,16.5,0.381,31.3,65.4,0.479,18.9,23.8,0.794,10.1,31.4,41.5,21.2,7.5,6,13.9,23.3,100.5,53
2001,Toronto Raptors,82,243.4,37.2,85,0.437,5.2,14.2,0.369,31.9,70.8,0.451,18.1,24.2,0.747,13.6,30.8,44.5,24.4,7.3,6.3,13.2,21.3,97.6,47
2001,Orlando Magic,82,243.4,36.7,83.8,0.438,6,16.4,0.364,30.8,67.4,0.456,18,25.2,0.714,13,29.9,42.9,22,8.2,5.9,15.2,25.3,97.5,43
2001,Minnesota Timberwolves,82,241.8,38.4,83.8,0.458,3.9,11,0.357,34.5,72.8,0.473,16.6,21.2,0.785,12.2,30.1,42.3,25.4,8.3,5.6,13.9,23.2,97.3,47
2001,Seattle SuperSonics,82,241.5,36.9,81.1,0.456,5.7,14.3,0.399,31.3,66.8,0.468,17.7,24.2,0.732,12.2,29.5,41.7,21.9,8,5,15.3,21.1,97.3,44
2001,Houston Rockets,82,241.8,35.9,79.2,0.453,6.1,17.2,0.357,29.7,62,0.48,19.3,25.4,0.758,11.2,30.8,42,19.7,7.2,4.4,14.7,20.2,97.2,45
2001,Utah Jazz,82,241.2,36.1,76.7,0.471,4,10.4,0.381,32.1,66.3,0.485,20.9,27.8,0.752,11.5,29.1,40.6,25.7,8.1,5.6,15.8,25.7,97.1,53
2001,Denver Nuggets,82,241.2,36.3,83.9,0.433,6.2,17.6,0.355,30.1,66.3,0.454,17.7,24,0.737,12.7,31.5,44.2,24,6.7,6.6,13.9,22.2,96.6,40
2001,San Antonio Spurs,82,241.8,35.2,76.4,0.461,5.4,13.3,0.407,29.7,63,0.472,20.4,28.5,0.715,11,33.1,44.1,21.7,6.9,7,14,18.9,96.2,58
2001,Detroit Pistons,82,242.1,35.6,83.9,0.424,4.7,13.6,0.35,30.9,70.3,0.439,19.6,27.2,0.721,13.5,32,45.5,19.9,7.5,5.5,15.9,23.8,95.6,32
2001,Portland Trail Blazers,82,241.2,36.6,78.3,0.468,4.5,12.9,0.349,32.1,65.4,0.492,17.6,23.2,0.762,11.7,30.3,42,23.9,8.2,5.1,15.3,21.3,95.4,50
2001,Philadelphia 76ers,82,242.1,35.4,79.1,0.447,3.2,9.8,0.326,32.2,69.3,0.464,20.7,27.8,0.745,13.1,31.7,44.8,20.6,8.4,5,15.8,20.4,94.7,56
2001,Boston Celtics,82,241.8,33.8,79.1,0.428,7.2,19.9,0.363,26.6,59.2,0.45,19.8,26.7,0.74,10.9,28.9,39.8,20.8,9.4,4.1,15.7,23.8,94.6,36
2001,Phoenix Suns,82,241.5,35.9,82.4,0.436,4,12.9,0.315,31.9,69.5,0.458,18.2,24.1,0.755,11.8,30.8,42.7,23.2,9.5,5.2,15.2,22.7,94,51
2001,Washington Wizards,82,240,34.5,78.7,0.439,3.4,10.3,0.324,31.2,68.4,0.456,20.8,27.4,0.759,12.4,28.9,41.3,20.1,7.7,4.7,17,23.3,93.2,19
2001,Indiana Pacers,82,243.7,34.5,78.4,0.44,4.8,14.1,0.342,29.7,64.3,0.461,18.8,24.5,0.766,11.2,31.6,42.9,21.5,6.9,5.9,15.2,23.5,92.6,41
2001,Golden State Warriors,82,241.2,35.8,87.5,0.409,3.4,11.8,0.293,32.4,75.7,0.427,17.4,24.7,0.706,16.4,29.1,45.5,21.8,9,5,15.9,21.1,92.5,17
2001,Los Angeles Clippers,82,244.3,35.3,78.9,0.448,4.4,13,0.339,30.9,65.9,0.469,17.4,25.1,0.693,11.7,31.2,42.9,19.3,6,6.3,15.8,21.6,92.5,31
2001,Cleveland Cavaliers,82,241.8,35.2,79.7,0.442,2.7,8,0.334,32.6,71.6,0.455,19,24.9,0.765,12.4,29.8,42.1,20.8,7.8,5.3,16.5,23.2,92.2,30
2001,New Jersey Nets,82,240.6,33.9,79.9,0.425,4.4,13.2,0.333,29.5,66.7,0.443,19.9,26.2,0.759,11.1,28.5,39.6,19.5,7.9,5,14.7,24.2,92.1,26
2001,Charlotte Hornets,82,242.4,34.1,79.3,0.431,4.1,12,0.346,30,67.3,0.446,19.5,26.2,0.745,12.6,31.8,44.4,23.2,8.1,5.5,14.4,21.4,91.9,46
2001,Vancouver Grizzlies,82,241.2,35,79.7,0.439,4,11.5,0.343,31,68.2,0.455,17.8,23.1,0.77,10.9,29.6,40.5,23.2,7.1,4.4,15.7,21.1,91.7,23
2001,Atlanta Hawks,82,240.6,35.1,81.3,0.431,4.1,11.4,0.357,31,69.9,0.443,16.8,22.1,0.759,12.5,30.4,42.9,19,7.7,4.7,16.7,22.7,91,25
2001,Miami Heat,82,242.4,32.9,76.3,0.43,5.8,16.9,0.345,27,59.4,0.455,17.4,22.9,0.759,9.9,29.7,39.6,19.9,7.7,3.7,13.7,21,88.9,50
2001,New York Knicks,82,242.7,33.6,75.6,0.444,4.8,13.6,0.351,28.8,62,0.465,16.8,21.1,0.796,9.4,30.8,40.2,18.5,6.6,4.2,14.5,22.7,88.7,48
2001,Chicago Bulls,82,242.1,33.2,78.2,0.424,4,11.6,0.346,29.2,66.6,0.438,17.2,23.3,0.739,11.3,27.6,38.9,22.1,8.2,4.6,15.8,23.2,87.6,15
2002,Dallas Mavericks,82,242.4,39,84.5,0.462,7.6,20.1,0.378,31.5,64.5,0.488,19.6,24.3,0.806,11.2,31.3,42.5,22.1,7.1,4.8,12.1,22.5,105.2,57
2002,Sacramento Kings,82,240.9,39.8,85.4,0.467,5.2,14.1,0.367,34.6,71.3,0.486,19.7,26.3,0.751,12.4,33,45.3,23.9,9,4.6,13.8,19,104.6,61
2002,Los Angeles Lakers,82,241.2,38.4,83.4,0.461,6.2,17.5,0.354,32.2,65.9,0.489,18.2,26.1,0.699,12.5,31.8,44.3,23,7.6,5.8,12.7,22.2,101.3,58
2002,Orlando Magic,82,241.8,37.6,84.1,0.448,7.6,20.2,0.373,30.1,63.8,0.471,17.6,23.4,0.754,11.5,29.8,41.2,22,8.1,4.7,13.6,20.7,100.5,44
2002,Minnesota Timberwolves,82,241.5,38.7,84,0.461,4.8,12.8,0.378,33.9,71.2,0.476,17.1,21.4,0.798,12.9,31.2,44.2,24.3,6.4,5.2,13.4,21.2,99.3,50
2002,Seattle SuperSonics,82,241.8,38.2,81.5,0.469,6,15.8,0.378,32.2,65.7,0.49,15.4,20.4,0.755,11.8,28.5,40.3,23.5,8.5,4.4,13.7,21.1,97.7,45
2002,Golden State Warriors,82,241.2,36.6,85.2,0.429,3.9,12.1,0.322,32.7,73.1,0.447,20.6,28.6,0.722,16.3,30.4,46.7,20.8,7.9,6.4,16.8,23,97.7,21
2002,Milwaukee Bucks,82,242.7,37.1,80.2,0.462,7.2,19.3,0.375,29.9,60.9,0.49,16.1,21.5,0.748,10.3,31.2,41.4,22.5,7.3,4.7,14.1,21.8,97.5,41
2002,Indiana Pacers,82,242.7,35.8,80.2,0.446,4.9,14.6,0.339,30.9,65.7,0.47,20.3,26.3,0.772,11.3,31.3,42.7,23,8,5.3,15.2,22.9,96.8,42
2002,San Antonio Spurs,82,242.1,35.5,77.6,0.458,5.3,14.8,0.362,30.2,62.8,0.48,20.3,27.4,0.742,11.1,31.3,42.4,20,7.6,6.5,14.4,19.2,96.7,58
2002,Portland Trail Blazers,82,241.8,36.6,81.4,0.45,5.7,16.1,0.354,31,65.3,0.474,17.7,23.2,0.763,13.2,29.8,43,23.5,8.6,4.5,14.3,19.7,96.6,49
2002,Boston Celtics,82,241.8,34.8,82.1,0.424,8.5,23.7,0.359,26.3,58.4,0.45,18.3,23.9,0.764,10.9,31.3,42.2,21,9.7,3.6,13.6,21.7,96.4,49
2002,New Jersey Nets,82,241.8,37.1,83.1,0.446,4.9,14.6,0.338,32.2,68.6,0.469,17.1,23.3,0.735,12.7,30.7,43.3,24.3,8.7,6,14.5,21.1,96.2,52
2002,Utah Jazz,82,241.8,35,77.7,0.45,3.4,10.3,0.333,31.6,67.5,0.468,22.6,29.6,0.763,13.5,28.6,42.2,24.4,9.1,6.4,16.5,24,96,44
2002,Los Angeles Clippers,82,241.5,36.2,81.3,0.445,5,14,0.356,31.2,67.3,0.464,18.3,24.7,0.739,13.2,30.2,43.4,20.9,6.2,6.6,14.8,19.8,95.7,39
2002,Cleveland Cavaliers,82,242.1,36,80.3,0.448,4.7,12.5,0.377,31.2,67.8,0.461,18.6,24.1,0.772,11.8,30.3,42.1,23.1,7,5.7,14.6,21.4,95.3,29
2002,Phoenix Suns,82,241.8,37.8,84.6,0.447,4.4,13.4,0.327,33.4,71.2,0.469,15.2,19.9,0.767,13.1,29.6,42.7,22.4,8.1,4.9,14.7,21.8,95.1,36
2002,Detroit Pistons,82,240,34.7,76.8,0.452,6.9,18.4,0.376,27.8,58.4,0.475,18,23.8,0.756,9.9,28.9,38.7,21.5,7.9,6.9,14.5,20.7,94.3,50
2002,Atlanta Hawks,82,241.2,35.4,80.6,0.439,5.2,14.6,0.354,30.2,66,0.458,18.1,23.7,0.765,11.6,29.8,41.5,20.2,8.1,4.3,15.5,20.8,94,33
2002,Charlotte Hornets,82,240.9,35.3,80.2,0.44,4.2,12.1,0.348,31.1,68.1,0.456,19.1,25.7,0.745,12.9,30.5,43.5,21.5,8,5.6,14,21.3,93.9,44
2002,Washington Wizards,82,240.6,35.8,81.3,0.441,3.7,9.6,0.388,32.1,71.7,0.448,17.4,22.8,0.765,12.9,29.2,42,20.9,7,4.3,13,21.5,92.8,37
2002,Houston Rockets,82,243.7,34.6,80.8,0.428,6,18,0.335,28.5,62.8,0.455,17.1,23.1,0.741,12.5,29.4,41.9,18.1,6.5,5.4,14.1,18,92.3,28
2002,Denver Nuggets,82,241.5,35.5,83.8,0.424,5.2,15.7,0.329,30.4,68.1,0.446,15.9,21.4,0.744,13.6,28.2,41.8,22.2,7.5,5.6,14.7,22.8,92.2,27
2002,New York Knicks,82,241.5,34.4,79.5,0.432,5.8,16.4,0.353,28.6,63.1,0.453,17.1,21.8,0.787,10.7,30,40.7,21,6.8,3.5,14.5,22,91.6,30
2002,Toronto Raptors,82,240.9,35.6,82,0.434,4.7,13.5,0.349,30.9,68.5,0.451,15.5,20.9,0.739,13.6,28.5,42.1,21.7,8.4,5.5,14.3,21.6,91.4,42
2002,Philadelphia 76ers,82,240.6,34.2,78.5,0.436,2.6,8.7,0.299,31.6,69.8,0.453,20,25.7,0.779,13.3,30.9,44.2,20,8.6,4.4,15.3,20.1,91,43
2002,Memphis Grizzlies,82,241.2,34.8,79.7,0.436,4.1,13.4,0.307,30.7,66.3,0.462,16.3,23,0.708,12,29.4,41.4,21.8,7.9,6,16.4,19.2,89.9,23
2002,Chicago Bulls,82,241.5,34.3,79.2,0.433,3.7,10.6,0.346,30.6,68.6,0.447,17.2,23.9,0.722,11.3,28.8,40,22.2,7.7,4.4,15.3,22.4,89.5,21
2002,Miami Heat,82,243,34.2,77.8,0.439,3.8,11,0.347,30.4,66.9,0.454,15.1,20.8,0.724,11,31,42,20.3,6.7,5.5,14.8,22.5,87.2,36
2003,Dallas Mavericks,82,241.2,38.5,85.1,0.453,7.8,20.3,0.381,30.8,64.8,0.475,18.1,21.9,0.829,11.1,31,42.1,22.4,8.1,5.5,11.6,21.1,103,60
2003,Golden State Warriors,82,240.9,37.3,84.6,0.441,5.2,15.1,0.344,32.1,69.6,0.462,22.6,29,0.778,15.7,31,46.7,20.9,7.2,6.2,15.8,21.8,102.4,38
2003,Sacramento Kings,82,241.8,39.5,85.2,0.464,6,15.7,0.381,33.5,69.5,0.482,16.7,22.3,0.746,11,33.5,44.5,24.8,9,5.6,14.5,20.3,101.7,59
2003,Los Angeles Lakers,82,243,37.7,83.6,0.451,5.9,16.7,0.356,31.8,66.9,0.475,19,26,0.734,13.1,31.1,44.3,23.3,7.8,5.7,14.5,22.9,100.4,50
2003,Milwaukee Bucks,82,242.7,37.1,81.3,0.457,7.1,18.6,0.383,30,62.7,0.478,18.1,23.3,0.776,10.7,28.9,39.5,22.2,7.6,4.2,12.7,22.2,99.5,42
2003,Orlando Magic,82,241.5,35.9,82.5,0.436,6.9,19.4,0.357,29,63.1,0.46,19.7,25.4,0.777,11.7,29.2,40.9,20.4,8.5,3.7,14.4,23,98.5,42
2003,Minnesota Timberwolves,82,241.5,38.7,83,0.466,3.6,9.8,0.368,35.1,73.2,0.479,17.1,22.3,0.77,11.7,31.9,43.6,25.2,6.7,5.3,13.7,20.8,98.1,51
2003,Memphis Grizzlies,82,243,37.2,82.2,0.452,5.7,15.6,0.365,31.5,66.6,0.473,17.4,23.6,0.739,11.5,30.1,41.6,23.1,7.9,6.1,15.4,20.5,97.5,28
2003,Philadelphia 76ers,82,242.1,36.3,81,0.448,3,9.6,0.311,33.3,71.4,0.466,21.3,27.5,0.775,12.7,29.5,42.2,21.6,10.3,3.5,14.8,22,96.8,48
2003,Indiana Pacers,82,242.7,35.5,80.6,0.441,4.6,13.6,0.339,30.9,66.9,0.461,21.2,27.7,0.766,12.2,32,44.2,23.3,8.5,5.4,14.8,22.1,96.8,48
2003,New York Knicks,82,242.1,36.2,82,0.441,7.4,19.3,0.383,28.8,62.7,0.459,16.1,19.8,0.815,10.3,29,39.2,22,7.1,3.1,14,23,95.9,37
2003,San Antonio Spurs,82,241.8,35.5,76.8,0.462,5.5,15.5,0.354,30,61.3,0.489,19.4,26.8,0.725,11.5,31.2,42.6,20,7.7,6.5,15.8,20.4,95.8,60
2003,Phoenix Suns,82,241.5,36.6,82.6,0.443,4.8,14,0.343,31.8,68.6,0.464,17.4,23.5,0.742,12.8,29.8,42.5,21,8.1,4.9,14.7,22,95.5,44
2003,New Jersey Nets,82,240.9,35.4,80.3,0.441,4.2,12.7,0.332,31.2,67.6,0.462,20.3,26.8,0.757,12.1,30.8,42.9,23,8.7,4.6,14.8,21.6,95.4,49
2003,Portland Trail Blazers,82,242.1,36.4,79.2,0.46,4.6,14,0.33,31.8,65.1,0.488,17.7,23.7,0.745,12.1,29,41.1,22.7,8.8,3.9,15.2,19.9,95.2,50
2003,Chicago Bulls,82,243,36.5,81.9,0.445,4.3,12.2,0.35,32.2,69.7,0.462,17.7,24.6,0.722,12,31,43,21.7,7.4,5.6,16.9,24.7,95,30
2003,Utah Jazz,82,241.2,35.3,75.5,0.468,2.7,7.8,0.349,32.6,67.7,0.481,21.3,28.6,0.745,12.5,29,41.5,25.6,8.6,5.7,16.8,22.4,94.7,47
2003,Atlanta Hawks,82,242.7,34.9,78.5,0.444,4.9,13.9,0.352,30,64.5,0.464,19.4,24.5,0.793,11.4,31.2,42.6,20.5,7.5,5.8,16.7,21.7,94.1,35
2003,New Orleans Hornets,82,242.7,35.5,81.6,0.435,4.9,13.1,0.376,30.6,68.5,0.447,17.9,23.3,0.768,13.4,30.2,43.6,22,8,4.8,14.8,21.6,93.9,47
2003,Los Angeles Clippers,82,240.9,34.6,79.1,0.437,4.8,14.4,0.331,29.8,64.8,0.46,19.9,26.5,0.75,12.3,30,42.3,19.6,7,5.6,15.7,21.8,93.8,27
2003,Houston Rockets,82,243,34.6,78.8,0.44,5.4,15.5,0.346,29.3,63.3,0.462,19.1,24.9,0.768,12.5,31.3,43.8,18.4,7.2,6,15.6,19.5,93.8,43
2003,Boston Celtics,82,241.8,32.9,79.4,0.415,8.8,26.3,0.334,24.2,53.1,0.455,18,24.3,0.742,10.4,30.1,40.5,19.2,8.8,3.7,14,21.4,92.7,44
2003,Seattle SuperSonics,82,242.1,35.2,80.5,0.437,5.6,15.7,0.353,29.6,64.7,0.458,16.2,21.7,0.744,11.7,29.1,40.8,21.6,8.3,3.6,13.2,20.9,92.1,40
2003,Washington Wizards,82,241.8,34.3,78,0.44,3.1,9.9,0.312,31.3,68.1,0.459,19.7,25.3,0.779,11.2,29.2,40.4,19.7,7.6,4.8,13.4,20,91.5,37
2003,Cleveland Cavaliers,82,241.8,34.8,82.3,0.422,3.6,10.9,0.327,31.2,71.3,0.437,18.3,24.5,0.747,13.6,31,44.6,20.9,7.8,6.4,18.3,22.7,91.4,17
2003,Detroit Pistons,82,242.7,32.9,76.5,0.43,6.5,18.1,0.358,26.4,58.4,0.452,19,24.6,0.771,10.8,29.8,40.6,19.8,6.8,5.7,13.5,21.3,91.4,50
2003,Toronto Raptors,82,241.5,34.7,81.3,0.427,5,14.5,0.343,29.7,66.7,0.446,16.5,22.9,0.718,12.5,28.7,41.2,19.3,7.4,4.8,14.4,21.5,90.9,24
2003,Miami Heat,82,241.8,32.8,79.5,0.412,4.2,13.4,0.316,28.5,66.1,0.432,15.8,20.6,0.765,11.6,30,41.6,18.3,7.2,4,14.2,22.6,85.6,25
2003,Denver Nuggets,82,240.6,32.8,79.8,0.411,2.8,10,0.278,30,69.8,0.43,15.8,22.6,0.699,13.6,28.8,42.4,21.2,8.7,5.1,18.5,25.1,84.2,17
2004,Dallas Mavericks,82,241.5,40.5,88.2,0.459,6.2,17.8,0.348,34.3,70.4,0.488,18,22.6,0.796,14.3,31,45.3,23.9,8,5.3,12.2,19.6,105.2,52
2004,Sacramento Kings,82,241.2,37.8,81.8,0.462,7.3,18.3,0.401,30.5,63.6,0.48,19.8,24.9,0.795,10.8,30.4,41.2,26.2,8.7,4,13.9,19.3,102.8,55
2004,Los Angeles Lakers,82,242.1,36.9,81.4,0.454,4.5,13.6,0.327,32.5,67.8,0.479,19.9,28.7,0.693,12.2,30.9,43.1,23.8,8.3,4.6,13.8,21.1,98.2,56
2004,Milwaukee Bucks,82,241.2,36.2,81.1,0.447,4.9,14,0.35,31.3,67.1,0.467,20.7,26.7,0.775,11.7,30.5,42.2,22.8,6.8,4.7,13.5,20.3,98,41
2004,Denver Nuggets,82,240.6,36.5,82.5,0.443,4,12,0.336,32.5,70.5,0.461,20.2,26.3,0.767,13.2,29.1,42.3,21.9,9.1,6.3,15.6,22,97.2,43
2004,Seattle SuperSonics,82,241.5,35.8,80.4,0.446,8.8,23.6,0.373,27,56.8,0.476,16.6,21.7,0.765,11.1,28.3,39.3,21.7,8.1,4.7,14.5,21.8,97.1,37
2004,Memphis Grizzlies,82,242.4,36.1,81.2,0.445,5.5,16,0.34,30.7,65.2,0.471,19,26.1,0.727,12.8,29,41.8,23.4,9.7,6.9,15,23.2,96.7,50
2004,Boston Celtics,82,240.3,34.7,78.2,0.443,6.7,19.5,0.346,27.9,58.7,0.475,19.2,25.5,0.75,10.4,29.8,40.1,20.5,9.4,4,16.2,22.4,95.3,36
2004,Los Angeles Clippers,82,241.5,34.4,80.2,0.428,4,12.5,0.321,30.3,67.7,0.448,22,28.1,0.785,14,29.5,43.5,20.2,7.2,4.6,16.4,22.1,94.8,28
2004,Minnesota Timberwolves,82,240.9,37,80.1,0.462,4,10.9,0.363,33,69.2,0.477,16.6,21.3,0.781,10.7,32.3,42.9,23,6.8,5.6,12.7,21.1,94.5,58
2004,Phoenix Suns,82,240.6,36.1,81.4,0.443,5.1,14.7,0.345,31,66.7,0.465,17,22.7,0.746,11.3,29.3,40.6,19.3,9,4.7,15.2,22.7,94.2,29
2004,Orlando Magic,82,241.8,35.4,82.5,0.429,5.2,15.2,0.344,30.2,67.3,0.448,18,24.4,0.737,12.2,28.7,40.9,19.3,6.7,3.8,13.7,21.3,94,21
2004,Golden State Warriors,82,242.1,35.1,79.4,0.442,5.2,15.6,0.334,29.8,63.8,0.468,17.9,24.7,0.725,12.2,30.9,43.1,20.5,7,4.7,14.8,20.6,93.3,37
2004,Cleveland Cavaliers,82,242.1,35.6,82.4,0.433,3,9.6,0.314,32.6,72.8,0.448,18.6,24.8,0.753,13.6,31.9,45.6,22,7.1,6.5,14.8,21.3,92.9,35
2004,Atlanta Hawks,82,242.7,34.5,79.6,0.433,5.1,15.2,0.335,29.4,64.4,0.456,18.7,24.1,0.776,12.1,30.6,42.7,20.1,7.6,5,16.5,22.3,92.8,28
2004,New York Knicks,82,242.4,35.1,79.4,0.442,5,13.6,0.364,30.2,65.8,0.459,16.8,21.1,0.793,11.6,31,42.6,20.7,7.4,4.8,15.7,23.1,92,39
2004,New Orleans Hornets,82,241.8,33.8,80.5,0.42,6.5,20.3,0.319,27.3,60.2,0.454,17.7,23.6,0.751,13.3,29.5,42.8,20.9,8.6,4.2,15,20.9,91.8,25
2004,Washington Wizards,82,241.8,33.6,80,0.421,5.3,15.5,0.341,28.4,64.5,0.44,19.3,27,0.714,13.6,29.2,42.8,18.7,8.9,5,17.5,20.9,91.8,41
2004,San Antonio Spurs,82,240.9,34.7,78.5,0.442,5,13.9,0.358,29.7,64.6,0.46,17.2,25.2,0.681,12.5,32.5,45.1,20.4,8.1,6.5,14.7,20.3,91.5,57
2004,Indiana Pacers,82,241.5,33.6,77.1,0.435,5.5,15.6,0.351,28.1,61.5,0.457,18.8,24.6,0.764,11.8,29.9,41.7,21.6,8.9,5,14.4,20.8,91.4,61
2004,Portland Trail Blazers,82,243.7,35.3,78.9,0.448,4.6,13.4,0.346,30.7,65.4,0.469,15.4,21.1,0.731,12.7,29,41.7,21.6,7.5,5.4,14.8,19,90.7,41
2004,Miami Heat,82,240.9,33.3,78.3,0.425,5.9,16.5,0.357,27.4,61.7,0.443,17.8,23.4,0.762,11.5,30,41.5,19.1,7.2,3.8,13.9,22.1,90.3,42
2004,New Jersey Nets,82,240.3,34.3,77.7,0.441,4.6,13.7,0.336,29.7,64,0.464,17,22.6,0.753,10.5,30.2,40.7,24.5,8.6,3.9,14.7,21,90.3,47
2004,Detroit Pistons,82,241.2,33.5,77,0.435,4.1,11.8,0.344,29.4,65.2,0.452,19,25.3,0.753,12.4,30.4,42.8,20.8,8,7,15.1,20.3,90.1,54
2004,Houston Rockets,82,243,33.4,75.5,0.442,6.3,17.1,0.366,27.1,58.4,0.464,16.7,21.6,0.773,10.3,32.3,42.6,19.3,6.8,5.4,16.7,21.5,89.8,45
2004,Chicago Bulls,82,241.8,34.1,82.4,0.414,5.2,15.3,0.342,28.9,67,0.431,16.2,22.4,0.725,12.8,30.7,43.5,21.9,8,4.8,16.1,23.3,89.7,23
2004,Utah Jazz,82,241.2,32.8,75.3,0.436,3.1,9.6,0.321,29.7,65.7,0.453,20,26.8,0.746,13.5,27.7,41.2,20.4,7.1,6,16.6,25.6,88.7,42
2004,Philadelphia 76ers,82,242.1,32.7,76.3,0.428,4.1,12.1,0.342,28.6,64.2,0.445,18.4,24.5,0.753,11.5,29.4,40.8,20,8,4.4,15.9,20.7,88,33
2004,Toronto Raptors,82,243.7,32.4,77.4,0.418,5.6,15.8,0.356,26.7,61.6,0.434,15.1,20.1,0.75,10.1,29.5,39.6,19.2,7.4,4.9,14.2,21.3,85.4,33
2005,Phoenix Suns,82,241.2,40.9,85.6,0.477,9.7,24.7,0.393,31.2,60.9,0.512,19,25.4,0.748,11.8,32.3,44.1,23.5,7,5.5,13.7,19.1,110.4,62
2005,Sacramento Kings,82,242.1,39.1,85.1,0.459,6.4,17,0.374,32.7,68.1,0.48,19.2,24.4,0.787,12.5,29.9,42.4,24.5,8.2,3.9,13.1,20.5,103.7,50
2005,Dallas Mavericks,82,240.6,37.3,81.6,0.457,5.6,15.5,0.364,31.6,66.1,0.479,22.3,28.2,0.789,12.1,30.9,42.9,19.6,8.6,5.6,13.4,22.3,102.5,58
2005,Miami Heat,82,243.7,37.8,77.7,0.486,5.8,15.4,0.377,32,62.3,0.513,20.2,30.1,0.672,10.8,32.2,43,21.8,6.4,5.8,13.7,22.1,101.5,59
2005,Boston Celtics,82,242.4,37.1,79.4,0.468,5.3,15.3,0.349,31.8,64.1,0.496,21.6,28.3,0.764,11.1,29.7,40.8,22.1,8.1,5.2,15.8,24.4,101.3,45
2005,Washington Wizards,82,241.2,36.2,82.9,0.437,6.3,18.3,0.343,29.9,64.6,0.463,21.9,30.2,0.725,13.8,29,42.8,19.1,8.7,4.2,14.3,22,100.5,45
2005,Toronto Raptors,82,241.5,36,81.2,0.444,7.9,20.5,0.385,28.1,60.7,0.463,19.8,25.6,0.774,10.3,29.8,40.1,20.4,7.6,3.9,13.3,22.9,99.7,33
2005,Denver Nuggets,82,240.9,37,80.7,0.459,3.9,11.5,0.34,33.1,69.2,0.479,21.5,28.2,0.763,11.8,30.2,42,23.9,9.1,6,14.9,22.9,99.5,49
2005,Orlando Magic,82,240.3,37,81.5,0.454,3.9,11.2,0.349,33.1,70.3,0.471,21.6,28.5,0.759,12.7,31,43.7,19.3,7.7,5.4,16.1,23.6,99.5,36
2005,Philadelphia 76ers,82,242.1,35.9,82.1,0.437,6.2,17.7,0.348,29.8,64.4,0.462,21.1,26.8,0.789,11.1,30.9,42,20.9,9.2,3.9,15.5,22.9,99.1,43
2005,Seattle SuperSonics,82,240.9,35.1,79.2,0.444,8.1,22.2,0.365,27,57,0.474,20.5,26,0.79,12.7,28.2,40.9,18.1,6.7,4.1,13.6,23.7,98.9,52
2005,Los Angeles Lakers,82,241.2,35.3,80.8,0.437,7.9,22.1,0.355,27.5,58.7,0.467,20.3,26.1,0.777,12.5,30.6,43.2,20.4,6.2,4.2,14.3,21.9,98.7,34
2005,Golden State Warriors,82,242.7,36.9,85.8,0.43,7.6,21.6,0.352,29.3,64.2,0.457,17.2,23.8,0.722,13,29.7,42.7,22.1,7.8,5.1,13.6,22.4,98.7,34
2005,New York Knicks,82,242.4,36.3,80.5,0.451,5.4,15.1,0.356,30.9,65.4,0.473,19.3,25.1,0.767,11.8,29.2,41,20.3,7.7,3.2,14.7,23.7,97.3,33
2005,Milwaukee Bucks,82,241.2,36.1,80.2,0.45,4,11.3,0.351,32.2,69,0.467,21,27.2,0.772,12,29.3,41.3,21,6.5,3.5,13.8,21.9,97.2,30
2005,Minnesota Timberwolves,82,240.9,37.1,80.8,0.459,4.8,14,0.345,32.3,66.9,0.483,17.7,22.2,0.796,11.5,31.5,43,23.4,5.6,5.5,13.2,21.6,96.8,44
2005,Cleveland Cavaliers,82,242.1,36.5,81.5,0.447,3.7,11,0.332,32.8,70.5,0.465,19.9,26.5,0.752,13.6,28.7,42.3,22.6,8,5.6,13.9,22.6,96.5,42
2005,San Antonio Spurs,82,241.5,35.6,78.7,0.453,6.2,17,0.363,29.5,61.6,0.478,18.7,25.9,0.724,12,30.4,42.4,21.6,7.5,6.6,13.7,20.9,96.2,59
2005,Los Angeles Clippers,82,244.3,35.7,77.7,0.459,2.8,8.2,0.345,32.8,69.5,0.473,21.6,27.7,0.778,12,29.9,41.9,23.2,7.3,5.1,15.7,22.2,95.7,37
2005,Houston Rockets,82,242.1,34.7,78.3,0.443,6.7,18.5,0.364,28,59.7,0.468,18.9,24.2,0.781,10.7,31.7,42.4,21.1,6.9,4.6,13.8,22,95.1,51
2005,Chicago Bulls,82,241.8,34.7,80.4,0.432,6.2,17.5,0.357,28.5,62.9,0.453,18.7,25,0.75,12.2,31.6,43.8,21.3,7,4.5,16.7,24.7,94.5,47
2005,Charlotte Bobcats,82,242.4,36.1,83.6,0.432,3.9,10.7,0.363,32.2,72.9,0.442,18.1,25.6,0.709,13.2,28.5,41.7,21.9,8.5,5.4,14.5,23.1,94.3,18
2005,Memphis Grizzlies,82,240.3,34.2,76.5,0.447,6.5,18.1,0.357,27.7,58.4,0.475,18.6,24.7,0.754,10.8,28.1,39,20.9,8.5,5.8,14.6,23.3,93.4,45
2005,Detroit Pistons,82,243.4,34.8,78.3,0.444,4.4,12.8,0.345,30.3,65.5,0.463,19.4,26.2,0.739,12.9,30.6,43.4,21.8,7,6.1,13.8,20,93.3,54
2005,Indiana Pacers,82,242.7,32.5,75.2,0.432,6.6,19.2,0.344,25.9,56,0.463,21.3,26.9,0.792,10.6,29.5,40.1,18.2,7.5,4.4,14.3,23,93,44
2005,Utah Jazz,82,241.2,34.5,76.8,0.449,3,9.3,0.328,31.4,67.5,0.465,21,27.7,0.757,12.8,27.4,40.1,22.3,6.6,4.6,15.8,26.7,93,26
2005,Portland Trail Blazers,82,240.6,35.3,78.3,0.451,5.1,14.2,0.362,30.2,64.2,0.471,17.2,23.7,0.725,11.8,29.3,41.1,21,7.1,6.6,16,20.8,92.9,27
2005,Atlanta Hawks,82,242.1,35.9,81.4,0.441,3.7,11.9,0.312,32.2,69.5,0.463,17.3,24.3,0.711,13.4,28.5,41.9,19.7,7.7,4.2,16.1,24.5,92.7,13
2005,New Jersey Nets,82,242.7,33.6,78.3,0.429,5.3,14.7,0.362,28.3,63.6,0.444,19,24.9,0.763,10.4,29.1,39.5,21.6,7.9,3.8,14.2,24.2,91.4,42
2005,New Orleans Hornets,82,243,33.1,80,0.415,5.1,16,0.315,28.1,63.9,0.44,17.1,22.3,0.766,12.4,27.8,40.2,21,6.7,3.8,14.8,23,88.4,18
2006,Phoenix Suns,82,243.4,41.8,87.4,0.479,10.2,25.6,0.399,31.6,61.8,0.511,14.5,18,0.806,9.5,32.3,41.8,26.6,6.7,5,13.3,20.5,108.4,54
2006,Seattle SuperSonics,82,241.8,37.5,81.8,0.459,7.4,19.9,0.371,30.1,62,0.487,20.1,25.7,0.785,12.4,27.2,39.6,20.7,7.6,3.7,14.7,23.6,102.6,35
2006,Washington Wizards,82,241.8,36.3,81.2,0.447,6.1,17,0.357,30.2,64.2,0.471,23,30.4,0.757,12.6,28.6,41.2,18.6,8,4.1,13.9,22.6,101.7,42
2006,Toronto Raptors,82,243.4,36.7,81,0.454,7.4,19.8,0.375,29.3,61.2,0.479,20.2,25.5,0.791,10.5,27.9,38.5,19.4,6.5,3.3,13.1,24,101.1,27
2006,Denver Nuggets,82,243,37.5,81.4,0.461,4.3,13.1,0.325,33.3,68.2,0.487,21,28.2,0.744,11,30.3,41.3,23.4,8.5,5.6,14.8,22.7,100.3,44
2006,Miami Heat,82,240.9,37.1,77.5,0.478,6.1,17.6,0.345,31,59.9,0.517,19.7,28.2,0.7,10.5,32.6,43.1,20.6,6.4,5.4,14.5,22.8,99.9,52
2006,Los Angeles Lakers,82,242.1,36.5,80.6,0.453,6.7,19.3,0.349,29.8,61.3,0.486,19.7,26.5,0.745,11.8,30.3,42.2,21.1,7.7,4.3,13.9,23.1,99.4,45
2006,Philadelphia 76ers,82,242.7,36.6,79.8,0.458,4.6,12.6,0.364,32,67.3,0.476,21.6,28.4,0.76,10.6,29.6,40.2,20.2,7.9,4.9,14.1,20.9,99.4,38
2006,Dallas Mavericks,82,242.4,36,77.7,0.462,5.1,13.6,0.374,30.9,64.2,0.481,22.2,28.3,0.783,12.6,29.6,42.2,18,7.2,6,13.6,22.4,99.1,60
2006,Sacramento Kings,82,241.8,36,79.3,0.454,6,17.2,0.351,30,62.1,0.483,20.8,26.5,0.784,10.4,30.2,40.5,22.3,7.4,3.6,14.6,20.4,98.9,44
2006,Golden State Warriors,82,241.8,35.8,82.7,0.433,7.6,22.3,0.341,28.2,60.4,0.467,19.2,26.7,0.718,12,30.3,42.3,20.7,7.4,4.4,14.1,23.7,98.5,34
2006,Boston Celtics,82,242.4,36,77.1,0.467,5.7,15.7,0.362,30.3,61.4,0.494,20.3,26.9,0.755,9.9,29.7,39.6,20.9,7,5.1,16.6,24.8,98,33
2006,Milwaukee Bucks,82,242.1,36.3,80.1,0.453,6.2,16.3,0.38,30.1,63.8,0.472,19,25.8,0.738,11.3,29.9,41.2,21.6,7.3,3.3,14.6,23.2,97.8,41
2006,Chicago Bulls,82,242.7,36.6,82.2,0.446,6.8,18,0.379,29.8,64.1,0.465,17.7,24,0.738,11,31.7,42.8,22,6.2,4.2,14.9,24.9,97.8,40
2006,Cleveland Cavaliers,82,241.8,35.5,78.2,0.454,6.1,17.9,0.339,29.4,60.3,0.487,20.6,28.3,0.729,11.7,30.6,42.3,19,6.9,4.8,13.9,21.1,97.6,50
2006,Atlanta Hawks,82,242.4,35.9,79.2,0.454,5.2,14.1,0.367,30.8,65.1,0.472,20.2,26.9,0.75,13,27.2,40.3,19.8,7.2,4.8,15.7,25,97.2,26
2006,Los Angeles Clippers,82,241.5,36.5,78.6,0.465,3.5,10.3,0.344,33,68.3,0.483,20.7,26.1,0.791,10.1,33,43.1,20.8,6.5,6.1,14.5,22.8,97.2,47
2006,Charlotte Bobcats,82,242.7,36.1,83.5,0.433,5.2,15.4,0.339,30.9,68.1,0.454,19.4,26.7,0.729,12.1,27.7,39.8,20.9,10,4.3,14.2,23.9,96.9,26
2006,Detroit Pistons,82,241.8,36.4,80,0.455,6.8,17.7,0.384,29.6,62.3,0.475,17.3,23.8,0.727,11.9,28.6,40.5,24,7.1,6,11.4,18.5,96.8,64
2006,New York Knicks,82,243,34.4,75.7,0.455,3.9,10.8,0.362,30.5,64.9,0.47,22.9,31.5,0.726,12.6,28.8,41.4,17.9,6.8,3.3,17.7,26.3,95.6,23
2006,San Antonio Spurs,82,241.5,36.5,77.3,0.472,6.4,16.6,0.385,30.1,60.7,0.496,16.2,23.1,0.702,10.4,31.1,41.5,20.9,6.6,5.7,13.7,20.9,95.6,63
2006,Orlando Magic,82,242.7,35.5,75.2,0.472,3.6,9.7,0.376,31.9,65.5,0.486,20.3,27.8,0.73,10.9,29.3,40.2,18.2,6.5,4.4,15.1,23.3,94.9,36
2006,Indiana Pacers,82,240.6,34,76.5,0.444,6.5,18.7,0.349,27.4,57.8,0.475,19.4,26.3,0.737,11,31.2,42.2,19.9,7.3,5,15.3,22.2,93.9,41
2006,New Jersey Nets,82,241.2,33.9,77,0.44,5.8,17.6,0.33,28.1,59.4,0.472,20.2,26.7,0.758,10,31,41,23,6.8,3.4,13.6,23.2,93.8,49
2006,New Orleans/Oklahoma City Hornets,82,241.5,34.5,78.4,0.44,3.7,10.8,0.339,30.9,67.6,0.457,20.1,26.5,0.758,11.2,29,40.2,18.5,7.5,3.8,13.4,21.8,92.8,38
2006,Utah Jazz,82,242.4,33.5,75.7,0.442,3.8,11.3,0.336,29.7,64.4,0.461,21.6,30.1,0.719,13.1,29,42.1,21.6,6.4,6,15.7,24.8,92.4,41
2006,Memphis Grizzlies,82,242.1,33.5,74.7,0.448,7.2,19.2,0.374,26.3,55.5,0.474,18,25.3,0.711,10.2,29,39.2,19.3,7.3,5.4,13.8,21.4,92.2,49
2006,Minnesota Timberwolves,82,242.1,35.2,77.3,0.456,3.8,11.5,0.329,31.4,65.8,0.478,17.5,23.1,0.758,9.9,29.5,39.4,20.9,6.8,5.7,14.5,23,91.7,33
2006,Houston Rockets,82,241.8,33,76.2,0.433,5.7,17.2,0.332,27.3,59,0.463,18.3,24.1,0.759,10.4,31.3,41.6,19.3,7.2,3.9,14.5,22.7,90.1,34
2006,Portland Trail Blazers,82,240.6,34,76.4,0.445,4.4,12.7,0.349,29.6,63.7,0.464,16.3,23.7,0.689,10.8,26.9,37.7,18.2,6.5,5.3,14.7,22.3,88.8,21
2007,Phoenix Suns,82,242.7,41.3,83.6,0.494,9.6,24,0.399,31.7,59.6,0.532,18,22.3,0.808,9,31.5,40.5,25.9,6.7,4.8,14.5,20.2,110.2,61
2007,Golden State Warriors,82,240.9,39.8,86,0.463,8.5,24,0.356,31.2,62,0.504,18.5,25.8,0.717,11.5,30,41.4,23.8,9.1,5.7,16,23.6,106.5,42
2007,Denver Nuggets,82,241.2,38.6,83,0.465,5.9,17.6,0.336,32.7,65.4,0.5,22.3,29.9,0.746,12.2,31.2,43.4,23.4,8.3,5.3,16.5,21.4,105.4,45
2007,Washington Wizards,82,241.8,37.4,83.2,0.45,6.8,19.7,0.348,30.6,63.5,0.482,22.6,29.6,0.765,12.2,29,41.2,20.2,7.7,4.6,13.8,22.2,104.3,41
2007,Los Angeles Lakers,82,244.3,37.8,81.3,0.466,7.4,21,0.353,30.4,60.2,0.505,20.2,27.1,0.747,10.8,30.4,41.2,22.6,7.3,5.1,15.5,23,103.3,42
2007,Memphis Grizzlies,82,243.7,36.6,78.6,0.465,6.1,16.6,0.367,30.5,62,0.491,22.4,29.4,0.761,10.6,29,39.5,20.5,6.9,5,16.4,22.3,101.6,22
2007,Utah Jazz,82,241.5,37.4,78.9,0.474,4.3,12.9,0.335,33.1,66,0.501,22.3,30,0.743,12.6,30,42.5,24.7,7,4.1,15.6,25.2,101.5,51
2007,Sacramento Kings,82,241.5,35.9,79.7,0.45,6.5,18.5,0.35,29.4,61.2,0.48,23.1,30.2,0.765,9.7,29.2,38.9,20.3,8.2,3.2,14.6,21.9,101.3,33
2007,Dallas Mavericks,82,240.9,36.7,78.6,0.467,6.5,17.1,0.381,30.2,61.4,0.491,20.1,24.9,0.805,11.2,30.7,41.9,19.9,6.8,5,13.9,22.4,100,67
2007,Milwaukee Bucks,82,242.1,38.1,81.9,0.465,6.4,18,0.356,31.7,63.9,0.495,17.1,23.4,0.733,11.5,27.7,39.2,21.6,7.2,2.7,15.1,22.2,99.7,28
2007,Toronto Raptors,82,240.9,37,79.8,0.463,6.5,17.9,0.363,30.5,62,0.492,19,24.2,0.788,9.2,30.2,39.5,22.2,7.1,3.9,13.5,20.4,99.5,47
2007,Seattle SuperSonics,82,241.8,37.2,80.8,0.46,6.4,17.7,0.362,30.8,63.1,0.487,18.4,23.3,0.791,11.3,28.3,39.6,20.7,7.7,3.7,15.5,22,99.1,31
2007,Chicago Bulls,82,241.2,37.1,81.3,0.457,5.9,15.1,0.388,31.3,66.2,0.473,18.6,25.4,0.734,12,31.7,43.7,22.3,7.8,5.4,16,23.3,98.8,49
2007,San Antonio Spurs,82,241.2,36.6,77.2,0.474,7.3,19,0.381,29.3,58.1,0.504,18.1,24.1,0.751,9.3,31.4,40.7,22.1,7.2,5.1,13.9,19.4,98.5,58
2007,New Jersey Nets,82,242.4,35.5,77.8,0.457,7.4,20.4,0.363,28.1,57.4,0.49,19.1,26.3,0.727,10,30.8,40.8,23.9,6.1,3.3,14.8,22.8,97.6,41
2007,New York Knicks,82,244,35.4,77.5,0.457,5.8,16.7,0.346,29.6,60.8,0.487,20.9,29.2,0.715,12.6,30.7,43.3,18.7,6.6,3.2,17.1,23.6,97.5,33
2007,Houston Rockets,82,242.1,35.4,79.6,0.445,8.6,23.1,0.372,26.8,56.5,0.475,17.5,23.2,0.753,10.7,32.6,43.3,20.8,7.1,4.1,14.2,20.9,97,52
2007,Charlotte Bobcats,82,244,36.1,81,0.446,5.6,15.6,0.357,30.5,65.4,0.467,19.1,26,0.734,11.2,28.6,39.8,22.4,7.8,4.5,14.9,24.2,96.9,33
2007,Cleveland Cavaliers,82,242.4,36.3,81.2,0.447,6,17.1,0.352,30.3,64.1,0.473,18.1,26,0.696,12.7,30.8,43.5,20.8,7.6,4.3,14.4,21.7,96.8,50
2007,Minnesota Timberwolves,82,244,36.5,79.3,0.461,4.7,13.3,0.353,31.9,66,0.483,18.3,23.1,0.792,10,30.2,40.2,22.5,6.5,4,15.6,21.4,96.1,32
2007,Detroit Pistons,82,242.4,35.9,79.1,0.454,5.5,15.9,0.344,30.4,63.2,0.481,18.8,24.2,0.774,11.6,29,40.5,21.6,7.1,5.8,12.2,20.4,96,53
2007,Boston Celtics,82,242.1,34.9,78.7,0.443,5.7,15.6,0.367,29.1,63.1,0.462,20.4,26.6,0.767,11.2,29.2,40.4,19.9,7.2,4.7,16.5,24,95.8,24
2007,Los Angeles Clippers,82,240.6,35.1,77,0.456,3.8,11,0.348,31.3,66,0.474,21.6,27.4,0.788,10.8,30.3,41.1,21.5,7.3,5.8,15.1,22.7,95.6,40
2007,Indiana Pacers,82,241.2,35,80,0.438,5.9,16.9,0.346,29.2,63.1,0.462,19.7,25.9,0.76,12.1,29.8,41.8,20.5,7.3,5.5,16.3,23.3,95.6,35
2007,New Orleans/Oklahoma City Hornets,82,242.4,36.2,81.4,0.445,5.5,15.3,0.362,30.7,66.1,0.464,17.5,23.7,0.74,12.5,30.6,43.1,18.7,6.4,4.2,14.5,19.8,95.5,39
2007,Philadelphia 76ers,82,242.4,35.8,78.1,0.458,3.5,10,0.345,32.3,68.1,0.474,20,26,0.767,11,28.7,39.7,20.4,7.2,4.8,15.3,20.4,94.9,35
2007,Orlando Magic,82,241.2,35.1,74.3,0.472,4.2,11.7,0.356,30.9,62.5,0.494,20.5,29.2,0.702,11.2,29.5,40.7,18.6,6.9,5.1,17,23.2,94.8,40
2007,Miami Heat,82,242.1,35.6,76.7,0.464,6.4,18.8,0.343,29.2,57.9,0.503,17,24.6,0.69,10,30.8,40.8,20.5,6.9,5.4,14.6,21.3,94.6,44
2007,Portland Trail Blazers,82,243.4,35,78,0.45,5.2,15,0.346,29.9,62.9,0.474,18.8,24.5,0.769,11.3,28,39.3,18.5,6.8,4.6,15.1,23.5,94.1,32
2007,Atlanta Hawks,82,242.4,34.5,77.7,0.444,4.2,12.7,0.329,30.4,65,0.467,20.5,26.9,0.761,11.9,28.2,40.1,19.2,7.4,5.4,15.9,24,93.7,30
2008,Golden State Warriors,82,241.2,41.5,90.3,0.459,9.3,26.6,0.348,32.2,63.7,0.506,18.8,24.9,0.752,12.7,30.4,43.2,22.4,9.1,4.6,13.2,22.9,111,48
2008,Denver Nuggets,82,242.1,40.3,85.8,0.47,6.9,19.6,0.355,33.4,66.3,0.504,23.1,30.7,0.751,11.2,32.9,44.1,24.7,9.2,6.7,14.7,21.1,110.7,50
2008,Phoenix Suns,82,241.2,41.4,82.7,0.5,8.5,21.5,0.393,32.9,61.2,0.538,18.9,24.1,0.783,8.8,32.7,41.5,26.7,6.5,6.3,14.4,19.9,110.1,55
2008,Los Angeles Lakers,82,241.2,39.6,83.1,0.476,8.1,21.4,0.378,31.5,61.8,0.51,21.3,27.7,0.769,11,33.2,44.1,24.4,8,5.3,14.1,20.6,108.6,57
2008,Utah Jazz,82,240.3,40,80.4,0.497,5,13.4,0.372,35,67,0.522,21.3,28,0.759,11.5,29.4,40.9,26.4,8.7,4.3,14.6,24,106.2,54
2008,Orlando Magic,82,241.2,37.3,78.6,0.474,9.8,25.3,0.386,27.5,53.3,0.516,20.1,27.9,0.721,9.4,32.6,42,20.8,6.3,4.1,14.3,20.6,104.5,52
2008,Indiana Pacers,82,240.9,37.8,85.3,0.444,9.2,24.6,0.374,28.6,60.6,0.472,19.1,24.9,0.768,11,32.1,43.1,22.7,7.6,5,15.1,23.4,104,36
2008,Sacramento Kings,82,241.8,37.1,80,0.464,6.2,16.7,0.373,30.9,63.3,0.488,22.1,27.7,0.798,10.1,30,40.1,19.1,7.9,4.1,16.1,22.4,102.5,38
2008,New Orleans Hornets,82,241.5,38.6,82.9,0.466,7.7,19.8,0.389,30.9,63.1,0.49,16,20.8,0.769,11.4,30.4,41.8,21.8,7.8,3.9,11.9,18.7,100.9,56
2008,Memphis Grizzlies,82,241.5,37.3,82.2,0.454,7.6,21.7,0.349,29.8,60.5,0.492,18.5,25.6,0.723,10.3,31.3,41.6,19.2,6.1,4.7,15.3,19.4,100.7,22
2008,Boston Celtics,82,240.9,36.4,76.7,0.475,7.3,19.1,0.381,29.1,57.6,0.506,20.5,26.5,0.771,10.1,31.9,42,22.4,8.5,4.6,15.2,22.7,100.5,66
2008,Dallas Mavericks,82,240.6,36.9,79.5,0.464,6,17.1,0.352,30.9,62.3,0.495,20.6,25.3,0.814,10.8,32.2,43,21,6,4.9,12.6,21.8,100.4,51
2008,Toronto Raptors,82,241.8,38.4,82,0.468,7,17.8,0.392,31.4,64.2,0.489,16.4,20.2,0.812,9.6,30.4,40.1,23.8,7,4.1,11.7,19.5,100.2,41
2008,Washington Wizards,82,242.7,36.4,81.6,0.446,7,19.7,0.356,29.4,62,0.475,19,24.3,0.782,12.3,29.3,41.6,19.6,7.7,4.8,13.2,19.6,98.8,43
2008,Atlanta Hawks,82,242.1,36.3,79.9,0.454,4.7,13.1,0.356,31.6,66.8,0.473,21,27.2,0.772,12.3,29.9,42.2,22,7.3,5.5,14.9,20.4,98.2,37
2008,Seattle SuperSonics,82,241.8,38.1,85.8,0.444,3.8,11.5,0.333,34.3,74.3,0.462,17.5,22.8,0.77,11.8,32.8,44.6,21.3,6.5,4.9,16,20.5,97.5,20
2008,Detroit Pistons,82,240.6,36.6,79.9,0.458,5.9,16.2,0.366,30.6,63.7,0.481,18.4,24,0.767,11.9,29.5,41.4,22.3,7.1,5.8,11.7,20.6,97.5,59
2008,Chicago Bulls,82,241.5,36.4,83.7,0.435,5.8,15.9,0.363,30.6,67.8,0.452,18.7,24.7,0.756,12.8,30.2,43,22.1,7.7,5.2,14.6,21.8,97.3,33
2008,Charlotte Bobcats,82,242.4,36.1,79.9,0.452,6.5,17.6,0.367,29.6,62.3,0.476,18.4,25.8,0.714,10.9,29.8,40.6,21.3,7.5,4.9,14.7,21.7,97.1,32
2008,Milwaukee Bucks,82,242.1,36.9,82.3,0.449,5.5,16,0.344,31.4,66.2,0.474,17.7,24.1,0.733,12.9,28.8,41.7,21.5,6.6,4.4,14.8,21.3,97,26
2008,New York Knicks,82,242.4,36.2,82.4,0.439,6,17.7,0.337,30.2,64.7,0.467,18.6,25.5,0.727,12.5,30,42.5,18.7,6.4,2.6,14.5,21.5,96.9,23
2008,Houston Rockets,82,240.6,36.6,81.7,0.448,7.1,20.8,0.342,29.5,60.9,0.485,16.4,22.5,0.726,12.2,32.4,44.6,21.4,7.3,5.1,13.7,19.6,96.7,55
2008,Philadelphia 76ers,82,240.9,37.3,81.1,0.46,3.7,11.6,0.317,33.6,69.5,0.483,18.4,26.1,0.706,13,28.9,41.9,20.4,8.7,4.9,14.3,19.8,96.6,40
2008,Cleveland Cavaliers,82,242.1,35.8,81.7,0.439,6.7,18.8,0.358,29.1,62.8,0.463,18,25.1,0.717,13.3,31.3,44.6,20,7.1,5.2,14,20.9,96.4,45
2008,New Jersey Nets,82,241.8,34.8,78.7,0.443,6.1,17.4,0.348,28.8,61.2,0.47,20.1,27.3,0.736,11.1,30.7,41.9,23.5,6.4,4.8,15,22.6,95.8,34
2008,Minnesota Timberwolves,82,240.6,37.5,83.1,0.451,5.4,15.4,0.35,32.1,67.8,0.474,15.2,20.6,0.736,11.8,29.6,41.4,19.9,7.5,3.7,14.5,23,95.6,22
2008,San Antonio Spurs,82,240.6,35.8,78.3,0.457,7.2,19.6,0.369,28.6,58.7,0.487,16.5,21.6,0.761,9.4,31.9,41.3,21,6.4,4.1,12.6,18.7,95.4,41
2008,Portland Trail Blazers,82,242.7,35.8,79.8,0.448,6.6,17.4,0.377,29.2,62.4,0.468,17.2,22.5,0.767,11,29.7,40.7,21.1,5.5,4.4,12.9,20,95.4,56
2008,Los Angeles Clippers,82,241.5,34.4,78.6,0.438,4.3,13.2,0.324,30.1,65.4,0.46,20.8,26.6,0.781,9.8,30.4,40.1,21.1,6.8,4.9,14.4,21.3,93.8,23
2008,Miami Heat,82,241.8,34.2,77.3,0.443,6,16.7,0.358,28.3,60.5,0.467,16.9,23.2,0.727,9.1,28.6,37.6,20,7.2,4.3,14.7,20.4,91.4,15
2009,Phoenix Suns,82,240.9,41.1,81.6,0.504,6.7,17.6,0.383,34.4,64,0.537,20.4,27.5,0.744,11,30.7,41.7,23.2,7.2,5.1,15.7,20.6,109.4,46
2009,Golden State Warriors,82,242.4,39.4,86,0.458,6.7,18,0.373,32.7,68,0.48,23.1,29.2,0.791,11.6,30.4,42,20.9,7.8,6.4,14.6,22.5,108.6,29
2009,Los Angeles Lakers,82,241.2,40.3,85.1,0.474,6.7,18.5,0.361,33.7,66.6,0.505,19.6,25.5,0.77,12.4,31.5,43.9,23.3,8.8,5.1,13.5,20.7,106.9,65
2009,New York Knicks,82,241.5,38.5,86.5,0.445,10,27.9,0.36,28.5,58.6,0.486,18.2,23.2,0.784,11.1,31,42.1,21.2,7.4,2.5,14.3,20.4,105.2,32
2009,Indiana Pacers,82,241.8,39.3,86.3,0.455,8,21,0.378,31.3,65.3,0.48,18.6,23,0.807,11.3,32.5,43.7,21.6,7,5.3,14.5,23.1,105.1,36
2009,Denver Nuggets,82,240.6,37.3,79.4,0.47,6.7,18,0.371,30.6,61.4,0.499,23.1,30.3,0.76,11,30.6,41.6,22.2,8.7,6,15.3,22.9,104.3,54
2009,Utah Jazz,82,242.4,38.3,80.8,0.475,4.8,13.7,0.349,33.5,67.1,0.5,22.1,28.7,0.771,11.5,29.5,41,24.7,8.8,4.6,14.8,22.3,103.6,48
2009,Chicago Bulls,82,243,38.1,83.5,0.457,6,15.8,0.381,32.1,67.7,0.474,19.9,25,0.796,11.8,30.3,42.1,21.1,7.5,5.5,14.5,20.8,102.2,41
2009,Dallas Mavericks,82,241.5,38.1,82.6,0.462,7,19.9,0.35,31.2,62.7,0.498,18.5,22.6,0.819,11.1,31.6,42.7,21.7,7.2,5.2,12.7,19.5,101.7,50
2009,Orlando Magic,82,240.6,35.7,78.2,0.457,10,26.2,0.381,25.8,52.1,0.495,19.6,27.5,0.715,10,33.3,43.3,19.4,7,5.4,13.9,20.3,101,59
2009,Boston Celtics,82,242.4,37.5,77.2,0.486,6.6,16.5,0.397,30.9,60.7,0.51,19.4,25.3,0.765,10.6,31.5,42.1,22.7,7.6,4.7,15.6,23.1,100.9,62
2009,Sacramento Kings,82,242.7,36.5,81.5,0.447,7.1,19.4,0.368,29.3,62.1,0.472,20.5,25.7,0.798,10.2,28.9,39.1,19.7,6.9,4.3,15.4,23.3,100.6,17
2009,Cleveland Cavaliers,82,241.2,36.9,78.7,0.468,8,20.4,0.393,28.9,58.3,0.495,18.6,24.5,0.757,10.8,31.4,42.2,20.3,7.2,5.3,12.7,20.3,100.3,66
2009,Portland Trail Blazers,82,241.8,36.8,79.2,0.465,7.3,19,0.383,29.5,60.2,0.49,18.5,24.2,0.765,12.9,28.8,41.7,20.3,6.7,4.9,12.9,20.4,99.4,54
2009,Milwaukee Bucks,82,241.2,36.7,82.4,0.445,6.2,17.2,0.363,30.5,65.2,0.467,19.7,25.2,0.78,11.9,28.9,40.7,22,7.4,3.8,14.1,24.2,99.3,34
2009,Toronto Raptors,82,241.5,37.2,81.4,0.458,5.8,15.7,0.372,31.4,65.7,0.478,18.7,22.7,0.824,9.8,30.6,40.4,22.4,6.4,4.8,13.4,19.4,99,33
2009,Houston Rockets,82,241.5,36.1,79.6,0.453,7.6,20.2,0.375,28.5,59.4,0.48,18.7,23.2,0.805,10.5,32.5,43,20.3,6.7,4.3,14.1,18.9,98.4,53
2009,Miami Heat,82,243.4,37,81,0.457,7.1,19.9,0.357,29.9,61.2,0.489,17.2,22.8,0.754,10.1,29.4,39.5,20.4,7.9,5.5,12.5,20.7,98.3,43
2009,Atlanta Hawks,82,240.3,36,78.7,0.458,7.3,19.9,0.366,28.8,58.8,0.49,18.7,25.4,0.737,10.6,29.4,40,20.2,7.4,4.6,12.8,19.6,98.1,47
2009,New Jersey Nets,82,241.8,35.7,79.7,0.448,8,21.2,0.376,27.7,58.5,0.473,18.8,24.1,0.779,10.4,29.5,39.8,20,6.8,4.8,13.1,22.4,98.1,34
2009,Minnesota Timberwolves,82,241.5,36.4,82.5,0.441,6.6,18.8,0.353,29.8,63.7,0.467,18.3,23.9,0.769,11.9,29.8,41.7,20.4,6.2,3.9,14.2,21.8,97.8,24
2009,Philadelphia 76ers,82,240.9,36.5,79.7,0.459,4.2,13.1,0.318,32.4,66.6,0.486,20.1,27,0.745,12.7,28.5,41.2,20.1,8,5.1,14.1,20.1,97.4,41
2009,San Antonio Spurs,82,242.7,37.1,79.7,0.466,7.6,19.8,0.386,29.5,59.9,0.492,15.2,20,0.761,8.9,32.2,41,21.2,5.8,4,11.7,18.9,97,54
2009,Oklahoma City Thunder,82,241.5,36.6,81.9,0.447,4,11.6,0.346,32.6,70.3,0.463,19.8,25.2,0.786,12.2,30.5,42.6,20.3,7.4,4.5,16.2,20.2,97,23
2009,Washington Wizards,82,240.3,36.5,81.2,0.45,4.8,14.6,0.33,31.7,66.5,0.476,18.2,23.8,0.767,11.7,28.4,40.1,20,7.5,4.5,14,20.5,96.1,19
2009,New Orleans Hornets,82,240.9,35.5,77.6,0.457,6.8,18.6,0.364,28.7,59,0.487,18,22.4,0.807,9.8,29.9,39.7,19.6,7.2,4.1,12.5,20.3,95.8,49
2009,Los Angeles Clippers,82,242.4,36,81.7,0.441,6.5,18.5,0.354,29.5,63.2,0.467,16.5,22.4,0.736,10.9,29,39.8,21,7,5.9,14.9,20.1,95.1,19
2009,Detroit Pistons,82,242.7,36.4,80,0.454,4.6,13.2,0.349,31.8,66.8,0.475,16.9,22.5,0.751,11.6,29.9,41.4,20.6,6,4.6,11.9,20.9,94.2,39
2009,Memphis Grizzlies,82,241.5,34.9,77,0.454,4.9,13.5,0.36,30.1,63.5,0.474,19.1,25.3,0.756,10.3,28.5,38.8,17.4,7.5,4.7,15.3,21.7,93.9,24
2009,Charlotte Bobcats,82,243,35,76.8,0.455,6,16.3,0.366,29,60.5,0.479,17.7,24,0.74,10.8,28.9,39.7,21.2,7.1,4.8,15.6,21.4,93.6,35
2010,Phoenix Suns,82,240.6,40.7,82.8,0.492,8.9,21.6,0.412,31.8,61.2,0.52,19.9,25.8,0.77,11.1,31.9,43,23.3,5.8,5.1,14.8,20.9,110.2,54
2010,Golden State Warriors,82,240.6,40.6,86.5,0.469,7.7,20.6,0.375,32.9,65.9,0.499,19.9,25.4,0.782,9.2,29.2,38.4,22.4,9.3,4.1,14.7,23,108.8,26
2010,Denver Nuggets,82,241.2,38.1,81.4,0.468,6.6,18.5,0.359,31.5,62.9,0.5,23.6,30.6,0.772,10.8,30.5,41.4,21,8.3,5.1,13.9,22.5,106.5,53
2010,Utah Jazz,82,240.9,39.4,80.2,0.491,5.4,14.7,0.364,34,65.5,0.519,20.2,27.2,0.741,10.6,31.6,42.2,26.7,8.2,4.9,15.2,22.7,104.2,53
2010,Toronto Raptors,82,241.2,39,80.9,0.482,6.3,17,0.371,32.7,63.8,0.512,19.7,25.8,0.764,9.8,30.6,40.4,22,5.7,4.7,13.4,22.2,104.1,40
2010,Orlando Magic,82,240.6,36.6,78,0.47,10.3,27.3,0.375,26.4,50.6,0.521,19.2,26.5,0.724,9.9,33.4,43.2,19.7,6.2,5.6,14.1,19.9,102.8,59
2010,Memphis Grizzlies,82,242.7,39.3,83.8,0.469,4.2,12.4,0.337,35.1,71.4,0.492,19.7,26.9,0.733,13,30.4,43.5,18.8,7.9,4.9,15.2,20.2,102.5,40
2010,Houston Rockets,82,242.7,37.7,84.4,0.447,7.9,22.4,0.351,29.9,62,0.481,19,24.7,0.772,11.8,30.1,42,21.8,7.1,3.9,14.5,20.9,102.4,42
2010,Cleveland Cavaliers,82,241.2,37.8,77.9,0.485,7.3,19.3,0.381,30.5,58.6,0.52,19.1,26.6,0.72,9.6,32.8,42.5,22.4,6.9,5.2,13.9,19.4,102.1,61
2010,New York Knicks,82,242.4,38.1,83.9,0.455,9.1,26.2,0.346,29.1,57.7,0.504,16.8,21.5,0.782,10.2,30.2,40.4,21.6,7.1,3.7,14,20,102.1,29
2010,Dallas Mavericks,82,242.4,38.3,82.4,0.464,6.8,18.3,0.372,31.5,64.2,0.491,18.6,22.8,0.816,10.2,31.5,41.7,23.4,7.6,5.5,12.9,19.1,102,55
2010,Los Angeles Lakers,82,241.8,38.3,83.8,0.457,6.5,19,0.341,31.9,64.8,0.492,18.5,24.2,0.765,11.9,32.5,44.3,21.1,7.5,4.9,13.4,19.4,101.7,57
2010,Atlanta Hawks,82,242.1,38.8,82.9,0.468,6.4,17.7,0.36,32.4,65.2,0.497,17.7,23.3,0.759,11.8,29.9,41.7,21.8,7.2,5,12,19.9,101.7,53
2010,Oklahoma City Thunder,82,241.5,37.4,80.8,0.462,5.1,15,0.34,32.3,65.9,0.49,21.7,27,0.805,11.7,31.8,43.5,20,8,5.9,15,21.3,101.5,50
2010,San Antonio Spurs,82,241.2,38.4,81.2,0.473,6.8,18.9,0.358,31.7,62.3,0.508,17.8,24,0.74,10.8,32,42.8,22.3,6.3,4.6,13.6,20.4,101.4,50
2010,Indiana Pacers,82,240.3,36.8,83.2,0.443,8,23.1,0.348,28.8,60.1,0.479,19.1,24.6,0.775,9.6,31.9,41.5,21.1,7.1,5.4,15,22.5,100.8,32
2010,New Orleans Hornets,82,241.8,38.8,83.4,0.464,7,19.2,0.363,31.8,64.3,0.495,15.8,20.3,0.778,10.4,29.9,40.3,22.3,7.6,3.7,13.5,19.6,100.2,37
2010,Sacramento Kings,82,242.4,38.3,84.1,0.456,5.9,16.9,0.349,32.5,67.2,0.483,17.4,24,0.726,11.9,30.7,42.6,20.5,6.9,4.5,15,22.3,100,25
2010,Boston Celtics,82,241.2,37.1,76.8,0.483,6.1,17.5,0.348,31,59.3,0.523,19,25.5,0.746,8.7,29.9,38.6,23.5,8.5,4.9,14.9,22.1,99.2,50
2010,Minnesota Timberwolves,82,241.2,37.9,84.4,0.449,4.9,14.4,0.341,33,70,0.471,17.5,23.5,0.746,11.7,31.2,42.9,19.8,7.3,3.7,16.3,20.7,98.2,15
2010,Portland Trail Blazers,82,242.1,36.3,78.7,0.461,6,16.9,0.354,30.3,61.8,0.49,19.6,24.8,0.79,11.1,29.1,40.2,20.4,6.4,4.3,12.3,20.9,98.1,50
2010,Philadelphia 76ers,82,241.5,37.6,81.8,0.46,5.8,16.8,0.343,31.9,64.9,0.491,16.7,22,0.756,11.5,29.5,41,21,8.1,5.4,14.5,20.5,97.7,27
2010,Milwaukee Bucks,82,243.7,37.2,85.3,0.436,7.9,22.1,0.356,29.3,63.2,0.464,15.4,20.4,0.755,11.8,31.2,43,21.2,7.1,4.7,13.2,22.2,97.7,46
2010,Chicago Bulls,82,242.7,37.6,83.2,0.451,4.3,13,0.33,33.3,70.2,0.474,18,23.9,0.754,11.4,33.1,44.5,20.8,6.5,5.8,14.3,20.1,97.5,41
2010,Miami Heat,82,242.4,36.4,79.5,0.458,6,17.4,0.346,30.4,62.1,0.489,17.7,23.5,0.752,10.7,31.1,41.8,18.9,7.4,5.6,13.2,20.9,96.5,47
2010,Washington Wizards,82,241.8,36.7,81.7,0.449,5.3,14.9,0.353,31.4,66.8,0.471,17.6,23.1,0.762,11.8,30,41.8,19,6,5.1,14.9,21.4,96.2,26
2010,Los Angeles Clippers,82,240.3,36.6,80.5,0.455,5.9,17.8,0.332,30.7,62.7,0.49,16.6,22.8,0.73,11.3,30.5,41.8,22.1,6.5,5.7,15.7,19.3,95.7,29
2010,Charlotte Bobcats,82,242.4,34.9,76.9,0.453,5.6,16.2,0.346,29.2,60.7,0.482,20,26.6,0.751,10.5,30.4,40.8,20.2,7.7,5.4,15.7,19.5,95.3,44
2010,Detroit Pistons,82,241.2,35.9,80.5,0.445,4.6,14.5,0.314,31.3,66,0.474,17.7,24.4,0.728,12.8,27.3,40.2,19.4,7.3,3.8,13.4,22.2,94,27
2010,New Jersey Nets,82,241.2,34.3,79.9,0.429,4.6,14.5,0.318,29.7,65.5,0.454,19.2,24.6,0.78,10.9,28.8,39.7,18.8,7,4.8,14.4,20,92.4,12
2011,Denver Nuggets,82,240.3,38.4,80.6,0.476,8.1,20.8,0.388,30.3,59.9,0.506,22.7,29.6,0.765,9.6,32.3,42,22.1,7.4,4.3,14.1,21,107.5,50
2011,New York Knicks,82,241.2,38.3,83.7,0.457,9.3,25.4,0.368,29,58.4,0.496,20.6,25.5,0.809,10.3,30.1,40.5,21.4,7.6,5.8,13.7,21.3,106.5,42
2011,Houston Rockets,82,242.4,38.7,85.1,0.454,8.3,22.5,0.367,30.4,62.6,0.486,20.3,25.4,0.801,11.7,31.1,42.8,23.8,7.1,4.5,13.5,20,105.9,43
2011,Phoenix Suns,82,244,39.3,83.5,0.47,8.5,22.6,0.377,30.7,60.8,0.505,18,23.6,0.759,10,30.2,40.2,23.7,6.6,4.4,14.3,20.3,105,40
2011,Oklahoma City Thunder,82,244,37.4,80.6,0.464,5.9,17.1,0.347,31.5,63.5,0.495,24.1,29.3,0.823,11,31.8,42.8,20.4,8,5.9,14.1,22.4,104.8,55
2011,San Antonio Spurs,82,241.2,38.4,80.8,0.475,8.4,21.1,0.397,30,59.8,0.503,18.5,24.2,0.767,10.1,31.7,41.9,22.4,7.3,4.5,13.4,19,103.7,61
2011,Golden State Warriors,82,241.8,39.6,85.9,0.461,8.4,21.3,0.392,31.3,64.6,0.484,15.7,20.7,0.761,11.6,28.9,40.5,22.5,9,5,14.6,22,103.4,36
2011,Miami Heat,82,241.2,37,76.8,0.481,6.7,18,0.37,30.3,58.8,0.515,21.5,27.9,0.769,9.6,32.5,42.1,20,6.6,5.2,13.9,20.4,102.1,58
2011,Los Angeles Lakers,82,241.8,38.1,82.4,0.463,6.4,18.1,0.352,31.8,64.3,0.494,18.8,24.1,0.779,12.1,31.9,44,22,7.3,5.1,13.1,19,101.5,57
2011,Minnesota Timberwolves,82,241.2,37.7,85.5,0.441,7.2,19.1,0.376,30.5,66.5,0.459,18.5,24.1,0.768,13.2,31.2,44.4,20.1,7.2,5.1,17,22.3,101.1,17
2011,Dallas Mavericks,82,240.3,37.4,78.8,0.475,7.9,21.6,0.365,29.6,57.3,0.516,17.5,22.6,0.777,9.5,31.9,41.4,23.8,6.8,4.3,14,19.2,100.2,57
2011,Memphis Grizzlies,82,242.4,39,82.9,0.471,3.8,11.3,0.334,35.3,71.6,0.492,18.1,24.2,0.75,11.8,29.2,41,20.6,9.4,5.4,14,20.8,99.9,46
2011,Indiana Pacers,82,241.2,36.6,82.8,0.442,7.1,20.2,0.354,29.5,62.6,0.471,19.4,24.8,0.782,11.1,32.4,43.5,19.6,7.1,5.6,15.4,21.7,99.8,37
2011,Utah Jazz,82,242.4,37.4,80.4,0.465,5.3,15.3,0.346,32.1,65,0.493,19.4,25.1,0.771,11,28.5,39.5,23.4,7.7,5.9,14.3,22.7,99.4,39
2011,Sacramento Kings,82,242.1,38.2,85.1,0.449,5.2,15.6,0.335,33,69.5,0.475,17.7,24.2,0.734,13.1,30.8,43.9,20.4,7.4,4.8,16.1,22,99.4,24
2011,Orlando Magic,82,241.8,36,78.2,0.461,9.4,25.6,0.366,26.7,52.5,0.507,17.7,25.6,0.692,10.5,32.7,43.2,20,6.7,4.7,14.9,20,99.2,52
2011,Toronto Raptors,82,241.2,38.3,82.4,0.465,4.2,13.3,0.316,34.1,69.1,0.494,18.2,24.1,0.755,11.7,28.6,40.3,21.9,7.1,4.3,14.7,22,99.1,22
2011,Philadelphia 76ers,82,243,38.1,82.6,0.461,5.4,15.2,0.355,32.7,67.4,0.485,17.4,22.6,0.77,10.4,31.4,41.8,22.7,7.6,4.3,13,19.4,99,41
2011,Los Angeles Clippers,82,242.1,36.8,80.4,0.457,6.3,18.5,0.338,30.5,61.9,0.493,18.9,26.7,0.707,11.6,30.5,42.1,22.1,7.1,4.9,16.4,21.1,98.6,32
2011,Chicago Bulls,82,241.8,37.1,80.3,0.462,6.2,17.3,0.361,30.9,63.1,0.489,18.2,24.5,0.743,11.8,32.4,44.2,22.3,7.2,5.7,14.2,20,98.6,62
2011,Washington Wizards,82,243,37.2,84,0.443,4.8,14.4,0.332,32.4,69.6,0.465,18.2,24.4,0.745,12.4,29,41.3,19.4,8.1,6.1,15.3,22.6,97.3,23
2011,Detroit Pistons,82,242.4,37.3,81.1,0.46,5.8,15.3,0.376,31.5,65.7,0.479,16.7,22.6,0.737,11.4,27.3,38.6,21.1,7.3,4,13,19.9,97,30
2011,Boston Celtics,82,241.2,36.9,75.8,0.486,5,13.6,0.365,31.9,62.2,0.513,17.8,23.1,0.77,7.8,31,38.8,23.4,8.2,4.2,14.6,20.5,96.5,56
2011,Portland Trail Blazers,82,241.5,36,80.5,0.447,6.3,18.3,0.345,29.7,62.1,0.477,18,22.4,0.804,12.1,27.2,39.3,21.2,8,4.4,13,19.3,96.3,48
2011,Cleveland Cavaliers,82,240.9,35.2,81.1,0.434,6.2,18.2,0.342,29,62.9,0.461,18.9,25.3,0.745,10.4,29.9,40.3,21,6.6,4.2,14.2,20.1,95.5,19
2011,Atlanta Hawks,82,240.6,36.2,78.4,0.462,6.1,17.4,0.352,30.1,61,0.494,16.4,21.1,0.779,9.3,30,39.3,22,6.1,4.2,13.6,19,95,44
2011,New Orleans Hornets,82,241.8,35.9,78.2,0.459,5.4,15,0.36,30.5,63.2,0.482,17.7,23.1,0.765,10,30.1,40.1,20.6,7.6,4.4,13,21,94.9,46
2011,New Jersey Nets,82,244,35.6,81,0.44,5.6,16.3,0.343,30,64.6,0.464,17.4,22.9,0.759,11.1,29.8,40.8,21,5.6,4.7,14,22,94.2,24
2011,Charlotte Bobcats,82,241.5,35,77.6,0.451,4.8,14.7,0.327,30.2,63,0.48,18.4,24.4,0.756,10.3,29.8,40.1,21.1,6.4,5.3,14.5,20,93.3,34
2011,Milwaukee Bucks,82,241.8,34.3,79.8,0.43,5.9,17.2,0.342,28.4,62.6,0.454,17.4,22.9,0.757,10.5,30.2,40.8,18.8,7.5,4.9,13.5,20.5,91.9,35
2012,Denver Nuggets,66,243,39,81.9,0.476,6.6,19.9,0.332,32.4,62,0.522,19.6,26.7,0.735,11.2,31.9,43.1,24,8.2,5,15.4,19.7,104.1,38
2012,San Antonio Spurs,66,241.5,39.6,82.8,0.478,8.4,21.3,0.393,31.2,61.5,0.507,16.2,21.6,0.748,10.3,32.6,43,23.2,7.4,4.4,13.6,17.3,103.7,50
2012,Oklahoma City Thunder,66,242.3,37.3,79.2,0.471,7.2,20,0.358,30.2,59.3,0.509,21.3,26.4,0.806,11,32.7,43.7,18.5,7.5,8.2,16.3,20.5,103.1,47
2012,Utah Jazz,66,244.9,38.2,83.8,0.456,4.1,12.8,0.323,34.1,71,0.48,19.1,25.3,0.754,13,31.1,44.2,21.8,8.3,5.8,14.2,21.8,99.7,36
2012,Milwaukee Bucks,66,240.4,37.9,85.6,0.443,6.6,19.2,0.345,31.3,66.5,0.471,16.6,21.4,0.774,12.4,30,42.5,23.5,8.3,5.1,14.1,19.3,99,31
2012,Sacramento Kings,66,241.1,37.7,86.5,0.436,6.2,19.7,0.316,31.5,66.8,0.471,17.1,23.2,0.736,13.4,29.5,42.9,19.3,8.5,4.9,14.4,19.5,98.8,22
2012,Miami Heat,66,243,37.1,79,0.469,5.6,15.6,0.359,31.5,63.4,0.496,18.8,24.2,0.775,10.4,31.2,41.6,20,8.9,5.4,15.2,19.4,98.5,46
2012,Phoenix Suns,66,240,37.8,82.5,0.458,6.7,19.6,0.343,31.1,62.9,0.494,16,21.2,0.757,10.9,30.8,41.7,22.5,6.5,5.5,14.1,18.7,98.4,33
2012,Houston Rockets,66,243.4,37.7,84,0.449,7.2,20.2,0.359,30.5,63.8,0.477,15.4,19.7,0.782,11.7,30.5,42.2,21.3,7.5,4.8,14.5,20.4,98.1,34
2012,Minnesota Timberwolves,66,241.5,35.7,82.3,0.433,7.2,21.6,0.332,28.5,60.8,0.469,19.4,25.2,0.771,12.1,31.7,43.7,19.5,6.6,4.4,15.2,18.4,97.9,26
2012,New York Knicks,66,241.5,35.8,80.8,0.443,7.8,23.3,0.336,28,57.5,0.487,18.3,24.8,0.741,11.3,30.5,41.7,20.1,9.4,4.2,16,21.1,97.8,36
2012,Golden State Warriors,66,241.1,37.7,82.5,0.457,7.9,20.5,0.388,29.8,62,0.48,14.4,18.7,0.77,9.7,29.5,39.2,22.3,8,5.5,13.9,21.4,97.8,23
2012,Indiana Pacers,66,242.3,35.7,81.4,0.438,5.9,16.1,0.368,29.7,65.3,0.455,20.4,26.1,0.782,12.5,31.4,43.9,18.6,7.9,5.4,14,21.7,97.7,42
2012,Los Angeles Clippers,66,241.9,37,81.3,0.455,7.8,21.8,0.357,29.2,59.5,0.49,15.8,23.3,0.68,12.1,29.4,41.6,21,8.4,4.8,13.3,21.2,97.5,40
2012,Los Angeles Lakers,66,243.4,36.8,80.6,0.457,5.5,16.8,0.326,31.3,63.7,0.491,18.2,24.1,0.756,12.1,34.1,46.2,22.5,5.9,5.3,15.1,16.8,97.3,41
2012,Portland Trail Blazers,66,241.9,36.4,82.1,0.443,7.2,20.9,0.346,29.2,61.1,0.477,17.2,21.6,0.796,11.1,29.5,40.7,20.4,8,4.9,14.2,19,97.2,28
2012,Atlanta Hawks,66,244.9,36.8,81,0.454,7.5,20.2,0.37,29.3,60.9,0.482,15.5,21,0.74,9.9,31.3,41.2,22.4,8.1,4.6,14,17.8,96.6,40
2012,Chicago Bulls,66,241.5,37.4,82.8,0.452,6.3,16.9,0.375,31,65.8,0.471,15.2,21.1,0.722,13.9,32.8,46.7,23.1,6.9,5.9,14,17.3,96.3,50
2012,Dallas Mavericks,66,243.4,36.3,82,0.443,7.5,22.2,0.339,28.8,59.8,0.482,15.6,20.2,0.771,10.1,32.7,42.8,20.9,8.6,5.1,14,18.6,95.8,36
2012,Memphis Grizzlies,66,241.5,36.7,82.2,0.447,4.2,12.9,0.326,32.5,69.3,0.47,17.3,22.8,0.759,12.6,29.5,42,19.5,9.6,5.2,14.5,19.9,95,41
2012,Orlando Magic,66,241.9,34.5,78.2,0.441,10.2,27,0.375,24.3,51.2,0.475,15.1,22.8,0.66,11.2,31.2,42.5,20,6.8,4.2,14.9,17.7,94.2,37
2012,Washington Wizards,66,240.4,36.6,83,0.441,5.2,16.3,0.32,31.4,66.7,0.47,15.3,21,0.727,11.7,29.9,41.7,19.1,8,6.3,15.3,21.3,93.6,35
2012,Philadelphia 76ers,66,241.1,37.4,83.6,0.448,5.3,14.6,0.362,32.2,69,0.466,13.5,18.2,0.742,10.7,32.5,43.2,22,8,5.2,11.2,17.5,93.6,20
2012,New Jersey Nets,66,240.8,34.3,80.6,0.425,7.7,22.4,0.342,26.6,58.2,0.457,16.9,21.7,0.777,11.9,28.5,40.3,19.9,7.5,3.9,15.1,19.2,93.1,22
2012,Cleveland Cavaliers,66,241.9,34.3,81.2,0.422,6.7,19.3,0.346,27.6,61.9,0.446,17.8,24.9,0.716,12.7,29.5,42.3,19.8,7.1,4,15.4,20,93,21
2012,Boston Celtics,66,241.5,35.5,77.1,0.46,5.5,15,0.367,30,62.1,0.483,15.4,19.8,0.778,7.7,31.1,38.8,23.6,7.5,5.5,14.8,19.9,91.8,39
2012,Detroit Pistons,66,241.9,34.7,79.3,0.438,4.8,13.9,0.346,29.9,65.4,0.457,16.6,22.1,0.752,11.7,28.5,40.3,18.7,7,4.2,15.7,19.6,90.9,25
2012,Toronto Raptors,66,241.9,34.4,78.1,0.44,5.5,16.3,0.34,28.8,61.8,0.467,16.4,21.4,0.77,10.6,31.4,42,20.9,6.5,4.9,15.2,23.2,90.7,23
2012,New Orleans Hornets,66,241.5,34.8,77.3,0.451,3.9,11.8,0.333,30.9,65.5,0.472,16,21.2,0.757,11,30.2,41.1,20.7,7.4,4.8,15.5,20.1,89.6,21
2012,Charlotte Bobcats,66,240.8,33.2,80.2,0.414,4,13.5,0.295,29.2,66.7,0.439,16.5,22.2,0.746,10.3,28.7,39,20.1,6,5.5,14.5,18.9,87,7
2013,Denver Nuggets,82,242.7,40.7,85.2,0.478,6.4,18.5,0.343,34.4,66.6,0.516,18.4,26.2,0.701,13.3,31.7,45,24.4,9.3,6.5,15.3,20.5,106.1,57
2013,Houston Rockets,82,241.2,38.1,82.7,0.461,10.6,28.9,0.366,27.5,53.8,0.511,19.2,25.5,0.754,11.1,32.3,43.4,23.2,8.3,4.4,16.4,20.3,106,45
2013,Oklahoma City Thunder,82,241.8,38.1,79.3,0.481,7.3,19.4,0.377,30.8,60,0.514,22.2,26.8,0.828,10.4,33.2,43.6,21.4,8.3,7.6,15.3,20.2,105.7,60
2013,San Antonio Spurs,82,242.4,39.1,81.4,0.481,8.1,21.5,0.376,31.1,59.9,0.519,16.6,21,0.791,8.1,33.2,41.3,25.1,8.5,5.4,14.7,17.4,103,58
2013,Miami Heat,82,242.4,38.4,77.4,0.496,8.7,22.1,0.396,29.6,55.4,0.536,17.4,23,0.754,8.2,30.4,38.6,23,8.7,5.4,13.9,18.7,102.9,66
2013,Los Angeles Lakers,82,240.9,37.1,81,0.458,8.7,24.6,0.355,28.4,56.4,0.503,19.3,27.9,0.692,11.5,33.3,44.8,22.2,7,5.2,15,17.9,102.2,45
2013,Golden State Warriors,82,241.5,38.2,83.4,0.458,8,19.9,0.403,30.1,63.5,0.475,16.8,21.3,0.79,10.8,34.2,45,22.5,6.9,4.2,15.1,21.4,101.2,47
2013,Dallas Mavericks,82,243.7,38.8,84,0.462,7.4,19.9,0.372,31.4,64.2,0.489,16.1,20.4,0.793,9.4,32.6,41.9,23.2,7.9,5.5,14,20.7,101.1,41
2013,Los Angeles Clippers,82,240.6,38.5,80.6,0.478,7.6,21.4,0.358,30.9,59.2,0.522,16.4,23,0.711,11.4,30.2,41.6,23.9,9.6,5.6,14.6,20.9,101.1,56
2013,Sacramento Kings,82,241.8,37.6,84.2,0.447,7.4,20.5,0.363,30.2,63.7,0.474,17.5,22.8,0.769,11.5,29.1,40.6,20.8,8.2,4.2,14.6,20.9,100.2,28
2013,New York Knicks,82,240.6,36.5,81.6,0.448,10.9,28.9,0.376,25.7,52.7,0.487,16,21.1,0.759,10.9,29.7,40.6,19.3,8.2,3.6,12,20.1,100,54
2013,Milwaukee Bucks,82,241.8,38.1,87.8,0.435,7.3,20.4,0.36,30.8,67.4,0.457,15.3,20.7,0.736,13,30.9,44,22.9,8.4,6.7,14.1,19,98.9,38
2013,Utah Jazz,82,242.4,37.1,81.8,0.454,6.2,16.9,0.366,31,64.9,0.477,17.5,23,0.764,12.1,30,42,22.7,8.4,6.3,14.8,21.3,98,43
2013,Atlanta Hawks,82,242.1,37.6,81,0.464,8.6,23.2,0.371,29,57.8,0.501,14.1,19.7,0.715,9.2,31.6,40.9,24.5,8.1,4.5,14.9,18,98,44
2013,Portland Trail Blazers,82,242.1,36.7,81.9,0.448,8.2,23.2,0.353,28.5,58.7,0.486,15.9,20.5,0.776,10.7,30.2,40.8,21.8,6.6,4.3,14.7,18.5,97.5,33
2013,Toronto Raptors,82,243.7,36.3,81.5,0.446,7,20.3,0.343,29.4,61.2,0.48,17.6,22.3,0.788,10.6,29.6,40.2,21.5,7.3,4.8,13.7,22.4,97.2,34
2013,Brooklyn Nets,82,242.1,35.9,79.8,0.45,7.7,21.5,0.357,28.2,58.3,0.484,17.5,23.9,0.731,12.8,30,42.8,20.3,7.3,4.8,14.7,18.3,96.9,49
2013,Cleveland Cavaliers,82,240.6,36.5,84.2,0.434,6.7,19.3,0.346,29.8,64.9,0.46,16.8,22.3,0.756,12.2,28.8,41,20.7,7.9,4.1,14,21.2,96.5,41
2013,Boston Celtics,81,244.9,37,79.7,0.465,6.1,17.2,0.358,30.9,62.6,0.494,16.3,21,0.776,8.1,31.3,39.3,22.8,8.2,4.5,14.6,21.2,96.5,24
2013,Minnesota Timberwolves,82,240.6,35.9,81.7,0.439,5.5,18,0.305,30.4,63.7,0.477,18.5,24.9,0.742,11.9,30.2,42,22.4,8.5,4.7,14.8,18.4,95.7,31
2013,Phoenix Suns,82,241.5,37.3,84.4,0.443,5.9,17.7,0.33,31.5,66.6,0.473,14.7,19.7,0.744,11.7,29.9,41.6,22.6,8,5.3,15.6,20.6,95.2,25
2013,Detroit Pistons,82,241.5,36.3,81,0.449,6.3,17.6,0.356,30.1,63.4,0.474,15.9,22.8,0.699,12.1,30,42.1,21.2,7,4.9,15.1,19.8,94.9,29
2013,Indiana Pacers,81,241.9,35.1,80.6,0.436,6.9,19.7,0.347,28.3,60.8,0.465,17.6,23.6,0.746,12.9,33,45.9,20.3,7.2,6.3,15.1,20,94.7,49
2013,Orlando Magic,82,241.2,37.7,84.2,0.448,6.2,18.7,0.329,31.5,65.5,0.482,12.5,16.6,0.755,10.9,31.9,42.7,22.8,6.4,4.4,14.5,19.4,94.1,20
2013,New Orleans Hornets,82,241.2,36,80.4,0.448,6.5,18,0.363,29.5,62.4,0.473,15.5,20,0.776,12,29.6,41.6,21,6.3,5.4,14.5,20.4,94.1,27
2013,Charlotte Bobcats,82,241.5,34.4,81.1,0.425,5.7,17.1,0.335,28.7,64,0.448,18.9,25.1,0.75,11.2,29.1,40.3,19.4,7.2,5.8,14.1,19,93.4,21
2013,Memphis Grizzlies,82,241.5,36.1,81.5,0.444,4.7,13.5,0.345,31.5,68,0.463,16.5,21.3,0.773,12.9,29.8,42.7,20.9,8.6,5.3,14,20.2,93.4,56
2013,Washington Wizards,82,242.1,35.5,81.6,0.435,6.6,18.2,0.365,28.8,63.4,0.455,15.6,21.3,0.733,10.8,32.3,43.2,21.6,7.3,4.6,15.1,20.5,93.2,29
2013,Chicago Bulls,82,241.8,35.7,81.7,0.437,5.4,15.4,0.353,30.2,66.3,0.456,16.4,21.2,0.773,12.5,30.7,43.2,23,7.2,5.1,14.3,19.7,93.2,45
2013,Philadelphia 76ers,82,240.9,37.3,84.1,0.444,6.3,17.5,0.36,31,66.5,0.466,12.2,16.8,0.729,10.9,30.4,41.3,22.8,7.4,4.7,13,18.4,93.2,34
2014,Los Angeles Clippers,82,240.9,39.1,82.5,0.474,8.5,24,0.352,30.7,58.5,0.525,21.2,29.1,0.73,10.5,32.5,43,24.6,8.6,4.8,13.9,21.5,107.9,57
2014,Houston Rockets,82,241.8,38,80.5,0.472,9.5,26.6,0.358,28.5,54,0.529,22.1,31.1,0.712,11.2,34.1,45.3,21.4,7.6,5.6,16.1,20.4,107.7,54
2014,Minnesota Timberwolves,82,242.1,38.9,87.5,0.444,7.3,21.4,0.341,31.6,66.1,0.478,21.8,28.1,0.778,12.5,32.2,44.7,23.9,8.8,3.6,13.9,18.3,106.9,40
2014,Portland Trail Blazers,82,242.1,39.1,87,0.45,9.4,25.3,0.372,29.7,61.7,0.481,19.1,23.5,0.815,12.5,34,46.4,23.2,5.5,4.7,13.7,19.2,106.7,54
2014,Oklahoma City Thunder,82,241.5,39,82.7,0.471,8.1,22.4,0.361,30.9,60.3,0.512,20.2,25,0.806,10.8,33.9,44.7,21.9,8.3,6.1,15.3,22.7,106.2,59
2014,San Antonio Spurs,82,240.9,40.6,83.5,0.486,8.5,21.4,0.397,32,62,0.517,15.7,20,0.785,9.3,34,43.3,25.2,7.4,5.1,14.4,18.2,105.4,62
2014,Phoenix Suns,82,240.9,38.7,83.5,0.463,9.3,25.1,0.372,29.4,58.4,0.503,18.5,24.4,0.758,11.3,31.7,43,19.1,8.4,4.6,15.3,21.9,105.2,48
2014,Dallas Mavericks,82,241.8,39.6,83.6,0.474,8.8,22.9,0.384,30.8,60.7,0.508,16.8,21.1,0.795,10.2,30.7,40.9,23.6,8.6,4.3,13.5,20,104.8,49
2014,Denver Nuggets,82,240.9,38.4,85.9,0.447,8.6,23.9,0.358,29.8,62,0.481,19.1,26.3,0.726,12.3,33.1,45.4,22.4,7.5,5.6,15.9,23,104.4,36
2014,Golden State Warriors,82,241.8,39.5,85.4,0.462,9.4,24.8,0.38,30,60.6,0.496,15.9,21.1,0.753,10.9,34.4,45.3,23.3,7.8,5,15.2,21.8,104.3,51
2014,Los Angeles Lakers,82,240.3,38.3,85.1,0.45,9.4,24.8,0.381,28.8,60.3,0.478,17,22.4,0.757,9.1,32,41,24.5,7.5,5.4,15.1,19.8,103,27
2014,Miami Heat,82,242.4,38.3,76.5,0.501,8.1,22.3,0.364,30.2,54.2,0.558,17.5,23,0.76,7.6,29.2,36.9,22.5,8.9,4.5,14.8,19.5,102.2,54
2014,Toronto Raptors,82,243.4,36.5,81.9,0.445,8.7,23.4,0.372,27.8,58.5,0.475,19.6,25.1,0.782,11.4,31.1,42.5,21.2,7,4.2,14.1,23,101.3,48
2014,Detroit Pistons,82,241.2,38.8,86.9,0.447,6.2,19.3,0.321,32.6,67.6,0.483,17.3,25.7,0.67,14.6,30.8,45.4,20.9,8.4,4.8,14.5,20.3,101,29
2014,Atlanta Hawks,82,241.8,37.3,81.6,0.458,9.4,25.8,0.363,28,55.8,0.502,17,21.7,0.781,8.7,31.3,40,24.9,8.3,4,15.3,19.2,101,38
2014,Washington Wizards,82,244.6,38.7,84.4,0.459,7.9,20.8,0.38,30.9,63.6,0.485,15.3,20.9,0.731,10.8,31.4,42.2,23.3,8.1,4.6,14.7,20.4,100.7,44
2014,Sacramento Kings,82,241.8,36.9,82.5,0.447,6,18,0.333,30.9,64.5,0.479,20.7,27.3,0.759,12.1,32.4,44.5,18.9,7.2,3.9,15.2,22.5,100.5,28
2014,New Orleans Pelicans,82,242.1,37.8,82.5,0.459,5.9,15.9,0.373,31.9,66.6,0.479,18.2,23.6,0.769,11.4,30.3,41.7,21.3,7.9,6.4,13.8,22.6,99.7,34
2014,Philadelphia 76ers,82,242.1,37.9,87.2,0.435,7,22.5,0.312,30.9,64.7,0.477,16.6,23.4,0.71,11.6,31.2,42.7,21.8,9.3,4,16.9,22.5,99.5,19
2014,New York Knicks,82,242.1,36.9,82.2,0.449,9.3,24.9,0.372,27.7,57.3,0.482,15.5,20.4,0.761,10.6,29.7,40.3,20,7.7,4.5,13,22.1,98.6,37
2014,Brooklyn Nets,82,242.4,35.7,77.9,0.459,8.6,23.4,0.369,27.1,54.5,0.497,18.4,24.4,0.753,8.8,29.4,38.1,20.9,8.6,3.8,14.5,21.7,98.5,44
2014,Cleveland Cavaliers,82,243,37,84.8,0.437,7.1,20,0.356,29.9,64.8,0.461,17,22.7,0.751,12.1,32.1,44.1,21.2,7.1,3.7,14.2,20,98.2,33
2014,Charlotte Bobcats,82,242.7,36.3,82.1,0.442,6.3,17.9,0.351,30,64.1,0.468,18,24.4,0.737,9.5,33.2,42.7,21.7,6.1,5.1,12.3,18.2,96.9,43
2014,Indiana Pacers,82,241.2,36,80.2,0.449,6.7,18.8,0.357,29.3,61.4,0.477,18.1,23.3,0.779,10.2,34.5,44.7,20.1,6.7,5.4,15.1,20.4,96.7,56
2014,Orlando Magic,82,243.4,36.9,82.7,0.445,6.9,19.5,0.353,30,63.3,0.474,15.9,20.9,0.763,9.7,32.4,42,21,7.7,4.3,14.9,20.5,96.5,23
2014,Boston Celtics,82,240.6,36.5,83.9,0.435,7,21.1,0.333,29.5,62.9,0.47,16.2,20.8,0.777,12,30.5,42.5,21,7.1,4.2,15.4,21.3,96.2,25
2014,Memphis Grizzlies,82,241.5,38.1,82,0.464,4.9,14,0.353,33.1,68,0.487,15.1,20.3,0.741,11.6,30.8,42.4,21.9,7.7,4.6,13.7,19.1,96.1,50
2014,Milwaukee Bucks,82,242.4,36,82.2,0.438,6.7,18.9,0.353,29.3,63.2,0.464,16.8,22.5,0.747,11.8,29.3,41.1,21.5,6.6,4.9,15.1,20.9,95.5,15
2014,Utah Jazz,82,241.2,36,81.1,0.444,6.6,19.2,0.344,29.4,61.9,0.474,16.4,22,0.747,11,30.2,41.2,20.3,7,4.5,14.6,20.7,95,25
2014,Chicago Bulls,82,243,34.7,80.2,0.432,6.2,17.8,0.348,28.5,62.4,0.456,18.1,23.3,0.779,11.4,32.7,44.1,22.7,7.2,5.2,14.9,19.1,93.7,48
2015,Golden State Warriors,82,240.6,41.6,87,0.478,10.8,27,0.398,30.8,60,0.514,16,20.8,0.768,10.4,34.3,44.7,27.4,9.3,6,14.5,19.9,110,67
2015,Los Angeles Clippers,82,240.6,39.4,83.3,0.473,10.1,26.9,0.376,29.3,56.4,0.519,17.9,25.2,0.71,9.6,33.1,42.6,24.8,7.8,5,12.3,21.3,106.7,56
2015,Dallas Mavericks,82,242.4,39.7,85.8,0.463,8.9,25.4,0.352,30.8,60.4,0.509,16.9,22.5,0.752,10.5,31.8,42.3,22.5,8.1,4.5,13,20,105.2,50
2015,Toronto Raptors,82,242.1,37.9,83.3,0.455,8.9,25.1,0.352,29,58.2,0.499,19.3,24.6,0.787,10.7,30.8,41.5,20.7,7.5,4.4,12.9,20.9,104,49
2015,Oklahoma City Thunder,82,241.8,38.8,86.8,0.447,7.7,22.7,0.339,31.1,64.1,0.486,18.6,24.6,0.754,12.8,34.7,47.5,20.5,7.3,5.5,14.7,22.3,104,45
2015,Houston Rockets,82,241.5,37,83.3,0.444,11.4,32.7,0.348,25.6,50.6,0.506,18.6,26,0.715,11.7,32,43.7,22.2,9.5,5,16.7,22,103.9,56
2015,San Antonio Spurs,82,243.4,39.1,83.6,0.468,8.3,22.5,0.367,30.9,61.1,0.505,16.7,21.4,0.78,9.8,33.8,43.6,24.4,8,5.4,14,19.1,103.2,55
2015,Cleveland Cavaliers,82,241.2,37.7,82.2,0.458,10.1,27.5,0.367,27.6,54.7,0.504,17.7,23.6,0.751,11.1,31.9,43,22.1,7.4,4.1,14.3,18.4,103.1,53
2015,Portland Trail Blazers,82,242.1,38.7,86,0.45,9.8,27.2,0.362,28.9,58.8,0.491,15.5,19.4,0.801,10.7,35.1,45.9,21.9,6.4,4.5,13.6,18.2,102.8,51
2015,Atlanta Hawks,82,240.6,38.1,81.7,0.466,10,26.2,0.38,28.1,55.5,0.506,16.5,21.2,0.778,8.7,31.8,40.6,25.7,9.1,4.6,14.2,17.8,102.5,60
2015,Phoenix Suns,82,242.4,38.8,85.8,0.452,8.5,25,0.341,30.2,60.9,0.497,16.4,21.5,0.76,10.9,32.2,43.2,20.2,8.5,4.7,15.1,21.3,102.4,39
2015,Denver Nuggets,82,242.4,37.8,87.3,0.433,8,24.8,0.325,29.7,62.5,0.476,17.8,24.3,0.734,12.3,32.4,44.7,21.8,7.8,4.5,14.2,23,101.5,30
2015,Boston Celtics,82,242.4,38.9,87.9,0.443,8,24.6,0.327,30.9,63.3,0.488,15.4,20.5,0.754,11.1,32.7,43.8,24.5,8.2,3.6,13.8,21.2,101.4,40
2015,Sacramento Kings,82,242.1,36.7,80.7,0.455,5.6,16.5,0.341,31.1,64.2,0.484,22.3,29.3,0.762,10.9,33.3,44.2,20.3,6.7,4,16.3,20.7,101.3,29
2015,Chicago Bulls,82,242.4,36.6,82.9,0.442,7.9,22.3,0.353,28.7,60.6,0.474,19.7,25.2,0.783,11.7,34,45.7,21.7,6.3,5.8,14,18.2,100.8,50
2015,New Orleans Pelicans,82,241.2,37.9,82.9,0.457,7.1,19.3,0.37,30.8,63.6,0.484,16.4,21.8,0.751,11.5,32,43.5,22,6.7,6.2,13.3,18.7,99.4,45
2015,Washington Wizards,82,243.4,38.3,82.8,0.462,6.1,16.8,0.36,32.2,66,0.488,15.9,21.4,0.742,10.5,34.2,44.7,24,7.3,4.6,15,20.8,98.5,46
2015,Detroit Pistons,82,241.8,37.1,85.8,0.432,8.6,24.9,0.344,28.5,60.9,0.468,15.8,22.4,0.703,12.8,32.1,44.9,21.6,7.6,4.7,13.4,19,98.5,32
2015,Los Angeles Lakers,82,243,37.2,85.6,0.435,6.5,18.9,0.344,30.8,66.8,0.461,17.5,23.6,0.741,11.6,32.3,43.9,20.9,7,4.5,13.2,21.2,98.5,21
2015,Memphis Grizzlies,82,242.7,37.8,82.5,0.458,5.2,15.2,0.339,32.6,67.3,0.485,17.6,22.8,0.773,10.4,32.1,42.6,21.7,8.5,4.2,13.3,19.1,98.3,55
2015,Brooklyn Nets,82,243,37.4,83,0.451,6.6,19.9,0.331,30.8,63.1,0.489,16.6,22.2,0.748,10.3,32,42.4,20.9,7,4.1,13.8,19.3,98,38
2015,Milwaukee Bucks,82,243,37.6,82,0.459,6.6,18.3,0.363,31,63.7,0.486,16,21.1,0.757,10.7,31.4,42.1,23.6,9.6,4.9,16.7,22.1,97.8,41
2015,Minnesota Timberwolves,82,241.5,36.4,83.2,0.438,5,14.9,0.332,31.5,68.3,0.461,20,25.7,0.776,11.6,29.3,40.9,21.6,8.1,4,15,19.2,97.8,16
2015,Indiana Pacers,82,242.1,36.6,83.2,0.439,7.5,21.2,0.352,29.1,62,0.469,16.7,22.2,0.756,10.4,34.4,44.9,21.4,6.2,4.6,14,21.2,97.3,38
2015,Orlando Magic,82,240.9,37.5,82.8,0.453,6.8,19.5,0.347,30.8,63.3,0.486,13.9,19.1,0.729,10,31.8,41.8,20.6,7.9,3.8,14.9,20.9,95.7,25
2015,Utah Jazz,82,240.3,35.4,79.2,0.447,7.4,21.7,0.343,27.9,57.5,0.486,17,23.5,0.721,12,31.9,44,19.9,7.6,6,15.3,19.3,95.1,38
2015,Miami Heat,82,240.6,35.2,77.2,0.456,6.8,20.2,0.335,28.4,57,0.499,17.5,23.7,0.741,9.1,30,39.1,19.8,7.8,4.5,14.8,20,94.7,37
2015,Charlotte Hornets,82,242.7,35.5,84.5,0.42,6.1,19.1,0.318,29.5,65.4,0.45,17,22.8,0.748,10,34.1,44.1,20.2,6.1,5.5,11.9,18.2,94.2,33
2015,Philadelphia 76ers,82,241.5,33.7,82.6,0.408,8.4,26.3,0.32,25.3,56.3,0.449,16.1,23.8,0.676,11.9,30.9,42.9,20.5,9.6,5.9,17.7,21.7,92,18
2015,New York Knicks,82,242.1,35.1,82,0.428,6.8,19.7,0.347,28.3,62.3,0.454,14.8,19.2,0.769,10.6,29.8,40.4,21.3,7,4.7,14.7,21.6,91.9,17
2016,Golden State Warriors,82,242.4,42.5,87.3,0.487,13.1,31.6,0.416,29.4,55.7,0.528,16.7,21.8,0.763,10,36.2,46.2,28.9,8.4,6.1,15.2,20.7,114.9,73
2016,Oklahoma City Thunder,82,241.8,41.1,86.4,0.476,8.3,23.7,0.349,32.9,62.6,0.524,19.7,25.2,0.782,13.1,35.6,48.6,23,7.4,5.9,15.9,20.6,110.2,55
2016,Sacramento Kings,82,241.5,40,86.4,0.464,8,22.4,0.359,32,64,0.5,18.5,25.5,0.725,10.6,33.7,44.2,24.5,8.9,4.5,16.2,20.4,106.6,33
2016,Houston Rockets,82,241.8,37.7,83.5,0.452,10.7,30.9,0.347,27,52.6,0.514,20.4,29.4,0.694,11.3,31.7,43.1,22.2,10,5.2,15.9,21.8,106.5,41
2016,Boston Celtics,82,241.2,39.2,89.2,0.439,8.7,26.1,0.335,30.5,63.1,0.483,18.5,23.5,0.788,11.6,33.3,44.9,24.2,9.2,4.2,13.7,21.9,105.7,48
2016,Portland Trail Blazers,82,241.5,38.6,85.9,0.45,10.5,28.5,0.37,28.1,57.4,0.49,17.4,23,0.754,11.6,33.9,45.5,21.3,6.9,4.6,14.6,21.7,105.1,44
2016,Los Angeles Clippers,82,241.8,38.3,82.4,0.465,9.7,26.7,0.364,28.6,55.7,0.513,18.2,26.2,0.692,8.8,33.3,42,22.8,8.6,5.6,13,21.3,104.5,53
2016,Cleveland Cavaliers,82,242.1,38.7,84,0.46,10.7,29.6,0.362,27.9,54.4,0.514,16.3,21.7,0.748,10.6,33.9,44.5,22.7,6.7,3.9,13.6,20.3,104.3,57
2016,Washington Wizards,82,240.9,39.5,85.8,0.46,8.6,24.2,0.358,30.8,61.6,0.501,16.5,22.5,0.73,9.1,32.8,41.8,24.5,8.6,3.9,14.5,20.8,104.1,41
2016,San Antonio Spurs,82,240.3,40.1,82.9,0.484,7,18.5,0.375,33.2,64.4,0.515,16.4,20.4,0.803,9.4,34.5,43.9,24.5,8.3,5.9,13.1,17.5,103.5,67
2016,Charlotte Hornets,82,242.1,37,84.4,0.439,10.6,29.4,0.362,26.4,55,0.479,18.7,23.7,0.79,9,35,43.9,21.7,7.3,5.3,12.6,18.1,103.4,48
2016,Atlanta Hawks,82,241.8,38.6,84.4,0.458,9.9,28.4,0.35,28.7,56.1,0.512,15.6,20,0.783,8.3,33.8,42.1,25.6,9.1,5.9,15,19.1,102.8,48
2016,New Orleans Pelicans,82,241.2,38.5,85.9,0.448,8.6,23.8,0.36,29.9,62.1,0.482,17.3,22.2,0.776,9.5,33.1,42.6,22.2,7.7,4.2,13.4,20.9,102.7,30
2016,Toronto Raptors,82,241.2,36.7,81.3,0.451,8.6,23.4,0.37,28,58,0.483,20.8,26.7,0.777,10.2,33.2,43.4,18.7,7.8,5.5,13.1,19.6,102.7,56
2016,Minnesota Timberwolves,82,242.4,37.7,81.3,0.464,5.5,16.4,0.338,32.2,64.9,0.496,21.4,27,0.792,10,31.5,41.6,23.4,8,4.6,15,20.7,102.4,29
2016,Dallas Mavericks,82,244,37.4,84.1,0.444,9.8,28.6,0.344,27.5,55.6,0.495,17.7,22.3,0.794,9.2,33.9,43.1,22.1,6.8,3.7,12.8,19.5,102.3,42
2016,Indiana Pacers,82,242.4,38.3,85.2,0.45,8.1,23,0.351,30.2,62.1,0.486,17.4,22.8,0.764,10.3,33.9,44.2,21.2,9,4.8,14.9,20,102.2,45
2016,Orlando Magic,82,242.7,39.5,86.8,0.455,7.8,22.2,0.35,31.8,64.7,0.492,15.2,20.1,0.757,10.3,33,43.3,23.6,8.2,5.1,14.1,20.7,102.1,35
2016,Detroit Pistons,82,242.4,37.9,86.4,0.439,9,26.2,0.345,28.9,60.2,0.48,17.1,25.5,0.668,12.5,33.9,46.3,19.4,7,3.7,13.5,19,102,44
2016,Denver Nuggets,82,241.8,37.7,85.4,0.442,8,23.7,0.338,29.7,61.7,0.482,18.5,24.1,0.766,11.5,33.1,44.6,22.7,7.4,4.8,14.7,21,101.9,33
2016,Chicago Bulls,82,242.7,38.6,87.4,0.441,7.9,21.4,0.371,30.7,66.1,0.464,16.5,21,0.787,11.1,35.2,46.3,22.8,6,5.7,13.9,18.8,101.6,42
2016,Phoenix Suns,82,240.3,37.2,85.6,0.435,9,25.8,0.348,28.2,59.8,0.472,17.5,23.2,0.751,11.5,33.3,44.8,20.7,7.7,3.8,17.2,22.7,100.9,23
2016,Miami Heat,82,241.8,38.4,81.7,0.47,6.1,18,0.336,32.3,63.6,0.508,17.1,23,0.744,9.8,34.3,44.1,20.8,6.7,6.5,14.1,18.3,100,48
2016,Memphis Grizzlies,82,241.8,36.8,83.6,0.44,6.1,18.5,0.331,30.7,65.1,0.471,19.3,24.7,0.783,11.2,30.5,41.6,20.7,8.8,4.3,13.3,21.7,99.1,42
2016,Milwaukee Bucks,82,241.8,38.4,82.2,0.467,5.4,15.6,0.345,33,66.6,0.495,17,22.7,0.747,10.5,31.2,41.7,23.1,8.2,5.8,15.2,20.7,99,33
2016,Brooklyn Nets,82,240.9,38.2,84.4,0.453,6.5,18.4,0.352,31.8,66,0.481,15.7,20.7,0.757,10.5,31.9,42.4,22.3,7.6,4,14.8,18,98.6,21
2016,New York Knicks,82,241.5,36.9,84,0.439,7.4,21.5,0.346,29.4,62.5,0.471,17.2,21.4,0.805,10.4,34,44.4,20.5,5.7,5.7,13.4,19.7,98.4,32
2016,Utah Jazz,82,243.4,36.1,80.4,0.449,8.5,23.9,0.355,27.6,56.5,0.488,17.1,23,0.744,10.7,32.5,43.2,19,7.7,5.2,14.9,20.2,97.7,40
2016,Philadelphia 76ers,82,241.5,36.2,84,0.431,9.3,27.5,0.339,26.9,56.5,0.476,15.7,22.6,0.694,9.5,31.8,41.2,21.5,8.3,6,16.4,21.7,97.4,10
2016,Los Angeles Lakers,82,240.6,35.1,84.8,0.414,7.8,24.6,0.317,27.3,60.2,0.454,19.3,24.7,0.781,10.7,32.3,43,18,7.2,4.1,13.7,20.3,97.3,17
2017,Golden State Warriors,82,241.2,43.1,87.1,0.495,12,31.2,0.383,31.1,55.8,0.557,17.8,22.6,0.788,9.4,35,44.4,30.4,9.6,6.8,14.8,19.3,115.9,67
2017,Houston Rockets,82,241.2,40.3,87.2,0.462,14.4,40.3,0.357,25.9,46.9,0.552,20.3,26.5,0.766,10.9,33.5,44.4,25.2,8.2,4.3,15.1,19.9,115.3,55
2017,Denver Nuggets,82,240.9,41.2,87.7,0.469,10.6,28.8,0.368,30.6,58.9,0.519,18.7,24.2,0.774,11.8,34.6,46.4,25.3,6.9,3.9,15,19.1,111.7,40
2017,Cleveland Cavaliers,82,242.4,39.9,84.9,0.47,13,33.9,0.384,26.9,51,0.528,17.5,23.3,0.748,9.3,34.4,43.7,22.7,6.6,4,13.7,18.1,110.3,51
2017,Washington Wizards,82,242.1,41.3,87,0.475,9.2,24.8,0.372,32.1,62.3,0.515,17.3,22.1,0.784,10.3,32.6,42.9,23.9,8.5,4.1,14.2,21.3,109.2,49
2017,Los Angeles Clippers,82,240.9,39.5,83.2,0.475,10.3,27.4,0.375,29.3,55.8,0.525,19.3,26,0.745,9,34,43,22.5,7.5,4.2,13,19.8,108.7,51
2017,Boston Celtics,82,240.9,38.6,85.1,0.454,12,33.4,0.359,26.6,51.7,0.515,18.7,23.2,0.807,9.1,32.9,42,25.2,7.5,4.1,13.3,20.6,108,53
2017,Portland Trail Blazers,82,243,39.5,86.1,0.459,10.4,27.7,0.375,29.2,58.4,0.499,18.5,23.7,0.78,10.1,33.5,43.7,21.1,7,5,13.7,21.2,107.9,41
2017,Phoenix Suns,82,241.8,39.9,88.5,0.45,7.5,22.6,0.332,32.4,65.9,0.491,20.4,26.3,0.776,11.9,33.1,45,19.6,8.2,4.9,15.4,24.8,107.7,24
2017,Toronto Raptors,82,241.2,39.2,84.4,0.464,8.8,24.3,0.363,30.3,60,0.505,19.7,24.7,0.796,10.6,32.6,43.3,18.5,8.3,4.9,12.7,20.8,106.9,51
2017,Oklahoma City Thunder,82,241.5,39.5,87.4,0.452,8.4,25.8,0.327,31,61.6,0.504,19.2,25.8,0.745,12.2,34.4,46.6,21,7.9,5,15,20.9,106.6,47
2017,Brooklyn Nets,82,240.9,37.8,85.2,0.444,10.7,31.6,0.338,27.1,53.6,0.506,19.4,24.6,0.788,8.8,35.1,43.9,21.4,7.2,4.7,16.5,21,105.8,20
2017,Minnesota Timberwolves,82,241.5,39.5,84.4,0.467,7.3,21,0.349,32.1,63.4,0.507,19.3,24.2,0.799,11.4,31,42.4,23.7,8,4.5,14,20.1,105.6,31
2017,San Antonio Spurs,82,241.5,39.3,83.7,0.469,9.2,23.5,0.391,30.1,60.2,0.5,17.6,22,0.797,10,33.9,43.9,23.8,8,5.9,13.4,18.3,105.3,61
2017,Indiana Pacers,82,242.1,39.3,84.5,0.465,8.6,23,0.376,30.6,61.5,0.498,17.9,22.1,0.81,9,33,42,22.5,8.2,5,13.8,19.5,105.1,42
2017,Charlotte Hornets,82,241.8,37.7,85.4,0.442,10,28.6,0.351,27.7,56.7,0.488,19.4,23.8,0.815,8.8,34.8,43.6,23.1,7,4.8,11.5,16.6,104.9,36
2017,Los Angeles Lakers,82,240.3,39.3,87.4,0.45,8.9,25.7,0.346,30.4,61.6,0.493,17,22.6,0.754,11.4,32.1,43.5,20.9,8.2,3.9,15.2,20.7,104.6,26
2017,New Orleans Pelicans,82,242.7,39.1,87,0.45,9.4,26.8,0.35,29.8,60.2,0.495,16.7,22.3,0.75,8.6,35.1,43.7,22.8,7.8,5.5,12.9,18.2,104.3,34
2017,New York Knicks,82,242.1,39.6,88.5,0.447,8.6,24.7,0.348,31,63.8,0.485,16.6,21.1,0.788,12,33.2,45.2,21.8,7.1,5.5,13.9,20.3,104.3,31
2017,Milwaukee Bucks,82,241.2,38.8,81.9,0.474,8.8,23.7,0.37,30,58.2,0.516,17.2,22.4,0.768,8.8,31.6,40.4,24.2,8.1,5.3,14,20.2,103.6,42
2017,Miami Heat,82,241.2,39,85.8,0.455,9.9,27,0.365,29.2,58.8,0.496,15.2,21.6,0.706,10.6,33,43.6,21.2,7.2,5.7,13.4,20.5,103.2,41
2017,Atlanta Hawks,82,242.4,38.1,84.4,0.451,8.9,26.1,0.341,29.2,58.3,0.501,18.1,24.9,0.728,10.3,34.1,44.3,23.6,8.2,4.8,15.8,18.2,103.2,43
2017,Chicago Bulls,82,241.2,38.6,87.1,0.444,7.6,22.3,0.34,31,64.8,0.479,18,22.5,0.798,12.2,34.1,46.3,22.6,7.8,4.8,13.6,17.7,102.9,41
2017,Sacramento Kings,82,242.4,37.9,82.1,0.461,9,23.9,0.376,28.9,58.2,0.496,18.1,23.3,0.775,8.7,32.3,41.1,22.5,7.6,4,14.6,20.3,102.8,32
2017,Philadelphia 76ers,82,241.8,37.7,85.3,0.442,10.1,29.8,0.34,27.5,55.5,0.496,17,22,0.771,9.8,33,42.8,23.8,8.4,5.1,16.7,21.9,102.4,28
2017,Detroit Pistons,82,241.5,39.9,88.8,0.449,7.7,23.4,0.33,32.2,65.5,0.492,13.9,19.3,0.719,11.1,34.6,45.7,21.1,7,3.8,11.9,17.9,101.3,37
2017,Orlando Magic,82,241.5,38.3,87,0.44,8.5,26.1,0.328,29.7,60.9,0.488,16,21.4,0.747,9.8,33.3,43.2,22.2,7.1,4.8,13.3,19.3,101.1,29
2017,Utah Jazz,82,240.9,37,79.5,0.466,9.6,26,0.372,27.3,53.5,0.511,17.1,22.9,0.747,9.4,33.8,43.2,20.1,6.7,5,13.6,18.8,100.7,51
2017,Memphis Grizzlies,82,242.7,36.4,83.6,0.435,9.4,26.5,0.354,27,57.1,0.473,18.3,23.4,0.784,10.8,32,42.8,21.3,8,4.2,12.9,22.4,100.5,43
2017,Dallas Mavericks,82,241.2,36.2,82.3,0.44,10.7,30.2,0.355,25.5,52.2,0.489,14.8,18.5,0.801,7.9,30.7,38.6,20.8,7.5,3.7,11.9,19.1,97.9,33
2018,Golden State Warriors,82,240.6,42.8,85.1,0.503,11.3,28.9,0.391,31.5,56.2,0.56,16.6,20.3,0.815,8.4,35.1,43.5,29.3,8,7.5,15.5,19.6,113.5,58
2018,Houston Rockets,82,240.9,38.7,84.2,0.46,15.3,42.3,0.362,23.4,41.9,0.558,19.6,25.1,0.781,9,34.5,43.5,21.5,8.5,4.8,13.8,19.5,112.4,65
2018,New Orleans Pelicans,82,243.4,42.7,88.3,0.483,10.2,28.2,0.362,32.5,60.1,0.54,16.1,20.9,0.772,8.7,35.7,44.3,26.8,8,5.9,14.9,19.1,111.7,48
2018,Toronto Raptors,82,241.8,41.3,87.4,0.472,11.8,33,0.358,29.5,54.4,0.541,17.3,21.8,0.794,9.8,34.2,44,24.3,7.6,6.1,13.4,21.7,111.7,59
2018,Cleveland Cavaliers,82,240.6,40.4,84.8,0.476,12,32.1,0.372,28.4,52.6,0.54,18.1,23.3,0.779,8.5,33.7,42.1,23.4,7.1,3.8,13.7,18.6,110.9,50
2018,Denver Nuggets,82,242.4,40.7,86.6,0.47,11.5,30.9,0.371,29.2,55.7,0.525,17.1,22.3,0.767,11,33.5,44.5,25.1,7.6,4.9,15,18.7,110,46
2018,Philadelphia 76ers,82,241.2,40.8,86.6,0.472,11,29.8,0.369,29.9,56.7,0.526,17.1,22.8,0.752,10.9,36.5,47.4,27.1,8.3,5.1,16.5,22.1,109.8,52
2018,Minnesota Timberwolves,82,241.5,41,86.1,0.476,8,22.5,0.357,33,63.6,0.519,19.4,24.1,0.804,10.3,31.6,42,22.7,8.4,4.2,12.5,18.2,109.5,47
2018,Los Angeles Clippers,82,240.3,40.3,85.4,0.471,9.5,26.8,0.354,30.8,58.6,0.525,19,25.5,0.743,10.1,33.7,43.9,22.3,7.7,4.5,14.7,20,109,42
2018,Charlotte Hornets,82,241.2,39,86.7,0.45,10,27.2,0.369,28.9,59.4,0.487,20.2,27,0.747,10.1,35.4,45.5,21.6,6.8,4.5,12.7,17.2,108.2,36
2018,Los Angeles Lakers,82,242.7,40.7,88.4,0.461,10,29.1,0.345,30.7,59.3,0.517,16.6,23.3,0.714,10.7,35.7,46.4,23.8,7.7,4.7,15.8,21.2,108.1,35
2018,Oklahoma City Thunder,82,241.8,39.9,88.1,0.453,10.7,30.4,0.354,29.1,57.7,0.505,17.3,24.2,0.716,12.5,32.6,45.1,21.3,9.1,5,14,20.2,107.9,48
2018,Washington Wizards,82,242.1,39.9,85.6,0.467,9.9,26.5,0.375,30,59.1,0.508,16.8,21.8,0.772,10,33.1,43.1,25.2,7.9,4.3,14.6,21.3,106.6,43
2018,Brooklyn Nets,82,242.1,38.2,86.8,0.441,12.7,35.7,0.356,25.5,51.1,0.5,17.4,22.6,0.772,9.7,34.8,44.4,23.7,6.2,4.8,15.2,20.6,106.6,28
2018,Milwaukee Bucks,82,241.8,39.7,83,0.478,8.8,24.7,0.355,31,58.3,0.531,18.3,23.4,0.783,8.4,31.5,39.8,23.2,8.8,5.4,13.8,21.4,106.5,44
2018,Portland Trail Blazers,82,240.9,39.3,87,0.452,10.3,28.1,0.366,29,58.8,0.493,16.7,20.9,0.8,10.2,35.3,45.5,19.5,7,5.2,13.5,19.5,105.6,49
2018,Indiana Pacers,82,240.9,40.8,86.4,0.472,9,24.5,0.369,31.8,61.9,0.513,14.9,19.2,0.779,9.6,32.7,42.3,22.2,8.8,4.1,13.3,18.8,105.6,48
2018,New York Knicks,82,241.8,40.7,87.7,0.464,8.2,23.3,0.352,32.5,64.4,0.504,14.9,19,0.787,10.5,33.6,44,23.3,6.7,5.1,14.7,20.5,104.5,29
2018,Utah Jazz,82,240.9,38.3,82.9,0.462,10.8,29.6,0.366,27.5,53.3,0.515,16.8,21.5,0.779,9,34.2,43.3,22.4,8.6,5.1,14.7,19.6,104.1,48
2018,Boston Celtics,82,241.5,38.3,85.1,0.45,11.5,30.4,0.377,26.9,54.7,0.491,16,20.7,0.771,9.4,35.1,44.5,22.5,7.4,4.5,14,19.7,104,55
2018,Phoenix Suns,82,240.3,38.5,87.1,0.442,9.3,27.9,0.334,29.1,59.2,0.492,17.7,23.9,0.741,10.3,33.9,44.1,21.3,6.9,4.5,15.7,22,103.9,21
2018,Detroit Pistons,82,241.5,39.1,86.9,0.45,10.8,28.9,0.373,28.3,58,0.488,14.7,19.8,0.745,10.1,33.6,43.7,22.8,7.7,3.9,13.5,18.4,103.8,39
2018,Miami Heat,82,243,38.8,85.3,0.455,11,30.6,0.36,27.8,54.8,0.508,14.7,19.5,0.755,9.3,34.2,43.5,22.7,7.6,5.3,14.4,20.1,103.4,44
2018,Orlando Magic,82,240.6,38.8,85.9,0.452,10.3,29.3,0.351,28.5,56.5,0.504,15.5,20.5,0.757,8.8,32.8,41.6,23.4,7.6,4.9,14.5,19.3,103.4,25
2018,Atlanta Hawks,82,240.3,38.2,85.5,0.446,11.2,31,0.36,27,54.5,0.495,15.8,20.2,0.785,9.1,32.8,41.9,23.7,7.8,4.2,15.6,19.6,103.4,24
2018,Chicago Bulls,82,242.1,38.7,88.8,0.435,11,31.1,0.355,27.6,57.8,0.478,14.6,19.2,0.759,9.6,35,44.7,23.5,7.6,3.5,14,19.2,102.9,27
2018,San Antonio Spurs,82,240.6,39,85.4,0.457,8.5,24.1,0.352,30.6,61.2,0.499,16.1,20.9,0.772,10.4,33.9,44.2,22.8,7.7,5.6,13.1,17.2,102.7,47
2018,Dallas Mavericks,82,241.5,38.1,85.9,0.444,11.8,32.8,0.36,26.4,53.1,0.496,14.2,18.7,0.763,8.1,33.1,41.3,22.7,7,3.8,12.3,19.2,102.3,24
2018,Memphis Grizzlies,82,240.3,36.7,82.8,0.444,9.2,26.2,0.352,27.5,56.5,0.486,16.6,21.1,0.786,9.5,31,40.5,21.5,7.5,4.8,15,23.2,99.3,22
2018,Sacramento Kings,82,240.9,38.8,86.1,0.45,9,24,0.375,29.8,62.1,0.479,12.3,16.7,0.735,9.5,31.4,40.9,21.6,7.8,4.1,13.7,20,98.8,27
2019,Milwaukee Bucks,82,241.2,43.4,91.1,0.476,13.5,38.2,0.353,29.9,52.9,0.565,17.9,23.2,0.773,9.3,40.4,49.7,26,7.5,5.9,13.9,19.6,118.1,60
2019,Golden State Warriors,82,241.5,44,89.8,0.491,13.3,34.4,0.385,30.8,55.3,0.557,16.3,20.4,0.801,9.7,36.5,46.2,29.4,7.6,6.4,14.3,21.4,117.7,57
2019,New Orleans Pelicans,82,240.9,43.7,92.2,0.473,10.3,29.9,0.344,33.4,62.4,0.536,17.8,23.4,0.761,11.1,36.2,47.3,27,7.4,5.4,14.8,21.1,115.4,33
2019,Philadelphia 76ers,82,241.5,41.5,88.2,0.471,10.8,30.2,0.359,30.7,58,0.529,21.2,27.5,0.771,10.9,36.9,47.8,26.9,7.4,5.3,14.9,21.3,115.2,51
2019,Los Angeles Clippers,82,241.8,41.3,87.5,0.471,10,25.8,0.388,31.3,61.7,0.507,22.6,28.5,0.792,9.7,35.8,45.5,24,6.8,4.7,14.5,23.3,115.1,48
2019,Portland Trail Blazers,82,242.1,42.3,90.6,0.467,11,30.7,0.359,31.3,59.8,0.523,19,23.3,0.814,11.8,36.2,48,23,6.7,5,13.8,20.4,114.7,53
2019,Oklahoma City Thunder,82,242.1,42.6,94,0.454,11.4,32.6,0.348,31.3,61.3,0.51,17.8,25,0.713,12.6,35.5,48.1,23.4,9.3,5.2,14,22.4,114.5,49
2019,Toronto Raptors,82,242.4,42.2,89.1,0.474,12.4,33.8,0.366,29.8,55.3,0.539,17.7,22,0.804,9.6,35.6,45.2,25.4,8.3,5.3,14,21,114.4,58
2019,Sacramento Kings,82,240.6,43.2,93.1,0.464,11.3,29.9,0.378,31.9,63.2,0.504,16.5,22.7,0.726,11,34.4,45.4,25.4,8.3,4.4,13.4,21.4,114.2,39
2019,Washington Wizards,82,243,42.1,90.1,0.468,11.3,33.3,0.341,30.8,56.8,0.543,18.4,23.9,0.768,9.7,32.7,42.4,26.3,8.3,4.6,14.1,20.7,114,32
2019,Houston Rockets,82,241.8,39.2,87.4,0.449,16.1,45.4,0.356,23.1,42,0.551,19.3,24.4,0.791,10.2,31.9,42.1,21.2,8.5,4.9,13.3,22,113.9,53
2019,Atlanta Hawks,82,242.1,41.4,91.8,0.451,13,37,0.352,28.4,54.8,0.518,17.6,23.4,0.752,11.6,34.5,46.1,25.8,8.2,5.1,17,23.6,113.3,29
2019,Minnesota Timberwolves,82,241.8,41.6,91.3,0.456,10.1,28.7,0.351,31.5,62.5,0.504,19.1,24.3,0.787,11.3,33.5,44.8,24.6,8.3,5,13.1,20.3,112.5,36
2019,Boston Celtics,82,241.2,42.1,90.5,0.465,12.6,34.5,0.365,29.5,56,0.527,15.6,19.5,0.802,9.8,34.7,44.5,26.3,8.6,5.3,12.8,20.4,112.4,49
2019,Brooklyn Nets,82,243.7,40.3,89.7,0.449,12.8,36.2,0.353,27.5,53.6,0.513,19,25.5,0.745,11,35.6,46.6,23.8,6.6,4.1,15.1,21.5,112.2,42
2019,Los Angeles Lakers,82,241.2,42.6,90.5,0.47,10.3,31,0.333,32.2,59.6,0.541,16.3,23.3,0.699,10.2,36.4,46.6,25.6,7.5,5.4,15.7,20.7,111.8,37
2019,Utah Jazz,82,240.9,40.4,86.4,0.468,12.1,34,0.356,28.3,52.4,0.541,18.8,25.5,0.736,10,36.4,46.4,26,8.1,5.9,15.1,21.1,111.7,50
2019,San Antonio Spurs,82,241.5,42.3,88.4,0.478,9.9,25.3,0.392,32.4,63.1,0.513,17.2,21,0.819,9.2,35.5,44.7,24.5,6.1,4.7,12.1,18.1,111.7,48
2019,Charlotte Hornets,82,241.8,40.2,89.8,0.448,11.9,33.9,0.351,28.3,55.8,0.507,18.4,23.1,0.797,9.9,33.9,43.8,23.2,7.2,4.9,12.2,18.9,110.7,39
2019,Denver Nuggets,82,240.6,41.9,90,0.466,11,31.4,0.351,30.9,58.7,0.527,15.8,20.9,0.755,11.9,34.5,46.4,27.4,7.7,4.4,13.4,20,110.7,54
2019,Dallas Mavericks,82,241.2,38.8,86.9,0.447,12.5,36.6,0.34,26.3,50.2,0.524,18.8,25.3,0.742,10.1,35.2,45.3,23.4,6.5,4.3,14.2,20.1,108.9,33
2019,Indiana Pacers,82,240.3,41.3,87,0.475,9.5,25.4,0.374,31.8,61.6,0.517,15.8,21.1,0.752,9.3,33.7,43,26,8.7,4.9,13.7,19.4,108,48
2019,Phoenix Suns,82,242.4,40.1,87.4,0.459,9.6,29.3,0.329,30.5,58.1,0.525,17.6,22.7,0.779,9.1,31.3,40.4,23.9,9,5.1,15.6,23.6,107.5,19
2019,Orlando Magic,82,241.2,40.4,89.1,0.454,11.4,32.1,0.356,29,57,0.509,15,19.2,0.782,10,35.4,45.4,25.5,6.6,5.4,13.2,18.6,107.3,42
2019,Detroit Pistons,82,242.1,38.8,88.3,0.44,12.1,34.8,0.348,26.7,53.5,0.5,17.3,23.1,0.747,11.4,33.6,45,22.5,6.9,4,13.8,22.1,107,41
2019,Miami Heat,82,240.6,39.6,88,0.45,11.3,32.4,0.349,28.3,55.6,0.509,15.1,21.7,0.695,11.2,35.1,46.3,24.3,7.6,5.5,14.7,20.9,105.7,39
2019,Chicago Bulls,82,242.7,39.8,87.9,0.453,9.1,25.9,0.351,30.7,62,0.496,16.2,20.7,0.783,8.8,34.1,42.9,21.9,7.4,4.3,14.1,20.3,104.9,22
2019,New York Knicks,82,241.2,38.2,88.3,0.433,10,29.5,0.34,28.2,58.8,0.479,18.1,23.9,0.759,10.5,34.3,44.7,20.1,6.8,5.1,14,20.9,104.6,17
2019,Cleveland Cavaliers,82,240.9,38.9,87.6,0.444,10.3,29.1,0.355,28.6,58.5,0.488,16.4,20.7,0.792,10.7,31.9,42.7,20.7,6.5,2.4,13.5,20,104.5,19
2019,Memphis Grizzlies,82,242.4,38,84.4,0.45,9.9,28.9,0.342,28.1,55.6,0.505,17.7,23,0.772,8.8,33,41.8,23.9,8.3,5.5,14,22,103.5,33
